,brand,similar
0,neo-tec妮傲絲翠,"['NEO-TEC妮傲絲翠', 'NEO-TEC 妮傲絲翠']"
1,philips飛利浦,"['飛利浦', '飛利浦 Philips', '飛利浦 PHILIPS']"
2,senka專科,"['專科', 'SENKA 專科']"
3,fancl芳珂,"['fancl', 'FANCL 芳珂', 'FANCL']"
4,red bull紅牛,['紅牛 Red Bull']
5,volvic富維克,['富維克 Volvic']
6,nivea妮維雅,"['NIVEA 妮維雅', 'Nivea 妮維雅', '妮維雅 NIVEA']"
7,lion獅王,"['獅王', 'LION 獅王', '獅王LION', 'LION獅王', '獅王 LION']"
8,kissme奇士美,"['kissme', 'KISSME 奇士美', 'KISSME']"
9,curel珂潤,"['珂潤', 'Curel 珂潤', '珂潤 Curel']"
10,sana莎娜,['SANA 莎娜']
11,mentholatum曼秀雷敦,"['MENTHOLATUM 曼秀雷敦', '曼秀雷敦 MENTHOLATUM']"
12,wonder mama萬能媽媽,['萬能媽媽 WONDER MAMA']
13,carmex小蜜媞,['CARMEX 小蜜媞']
14,apple蘋果,['蘋果 Apple']
15,panasonic國際牌,"['panasonic', '國際牌', '國際', '國際牌 Panasonic', '國際牌 PANASONIC', '國際牌 panasonic', 'Panasonic']"
16,my beauty diary我的美麗日記,['My Beauty Diary 我的美麗日記']
17,essence cosmetics艾森絲,['essence cosmetics 艾森絲']
18,nike耐吉,['耐吉 NIKE']
19,olay歐蕾,['OLAY 歐蕾']
20,amma garden艾瑪花園,"['艾瑪花園', '艾瑪花園 Amma garden', 'Amma Garden 艾瑪花園']"
21,lcb藍帶廚坊,['LCB藍帶廚坊']
22,heme喜蜜,"['heme', 'heme 喜蜜']"
23,teco東元,"['東元', '東元 TECO']"
24,media媚點,['media 媚點']
25,electrolux伊萊克斯,"['伊萊克斯', '伊萊克斯 Electrolux']"
26,xiaomi小米,"['小米', '小米 xiaomi']"
27,tefal特福,"['tefal法國特福', '特福 Tefal', '法國特福 Tefal', '特福 TEFAL']"
28,samsung三星,['三星 SAMSUNG']
29,revlon露華濃,['REVLON 露華濃']
30,reach麗奇,"['麗奇', '麗奇 REACH']"
31,asd愛仕達,['愛仕達 ASD']
32,asus華碩,['華碩 ASUS']
33,royal法國皇家,['法國皇家 ROYAL']
34,adidas愛迪達,"['adidas', 'adidas 愛迪達', '愛迪達 adidas']"
35,meko時尚美妝,['MEKO 時尚美妝']
36,amazfit華米,['華米 Amazfit']
37,cellina雪芙蘭,"['雪芙蘭', 'Cellina 雪芙蘭', '雪芙蘭 Cellina']"
38,yuskin悠斯晶,['Yuskin 悠斯晶']
39,kanebo佳麗寶,"['kanebo佳麗寶-開架式', 'Kanebo 佳麗寶', 'Kanebo 佳麗寶-開架式']"
40,p維他露,"['維他露', '維他露P']"
41,cetaphil舒特膚,"['舒特膚', 'Cetaphil 舒特膚']"
42,avene雅漾,"['Avene 雅漾', 'Avène 雅漾']"
43,dior迪奧,"['dior', 'Dior 迪奧', 'DIOR', '迪奧 Dior']"
44,toma-pro優格,"['優格TOMA-PRO', '優格 TOMA-PRO']"
45,zowie卓威,['卓威 ZOWIE']
46,cookpower鍋寶,"['鍋寶', '鍋寶 CookPower']"
47,heysong黑松,"['黑松', '黑松 HeySong']"
48,lancome蘭蔻,"['LANCÔME 蘭蔻', 'LANCOME 蘭蔻']"
49,biore蜜妮,"['biore', '蜜妮', 'Biore 蜜妮', 'Bioré', '蜜妮Biore', '蜜妮 Bioré']"
50,greens葛莉思,['葛莉思 GREENS']
51,la mer海洋拉娜,['LA MER 海洋拉娜']
52,armonto阿曼特,"['阿曼特 Armonto', '阿曼特 armonto']"
53,chic choc奇可俏可,['CHIC CHOC 奇可俏可']
54,sunstar三詩達,"['三詩達', '三詩達 SUNSTAR']"
55,a味味,['味味A']
56,pantene潘婷,['潘婷 PANTENE']
57,dell戴爾,"['DELL 戴爾', '戴爾Dell']"
58,eileen grace妍霓絲,['EILEEN GRACE 妍霓絲']
59,origins品木宣言,['ORIGINS 品木宣言']
60,mdmmd明洞國際,"['mdmmd', '明洞國際', 'Mdmmd 明洞國際', 'Mdmmd']"
61,iq dog聰明狗糧,['聰明狗糧 IQ DOG']
62,orijen渴望,"['渴望 Orijen', '渴望 ORIJEN']"
63,ryo呂,['呂 Ryo']
64,bioderma貝膚黛瑪,"['BIODERMA 貝膚黛瑪', 'Bioderma 貝膚黛瑪']"
65,atunas歐都納,['ATUNAS 歐都納']
66,la roche posay理膚寶水,"['理膚寶水', 'LA ROCHE POSAY 理膚寶水']"
67,kiehl's契爾氏,"[""KIEHL'S 契爾氏""]"
68,tsaio上山採藥,"['上山採藥', 'tsaio 上山採藥', '上山採藥 tsaio']"
69,logitech羅技,['羅技 Logitech']
70,ego意高,['ego意高']
71,hydro balance水平衡,"['水平衡', 'Hydro Balance 水平衡', '水平衡 Hydro Balance']"
72,sampo聲寶,"['聲寶', '聲寶 SAMPO', '聲寶 Sampo']"
73,aveeno艾惟諾,"['艾惟諾', 'Aveeno 艾惟諾']"
74,sunisa蘇妮薩,['SUNISA 蘇妮薩']
75,seeds惜時,['惜時 SEEDS']
76,hitachi日立,"['itachi日立', '日立 HITACHI', '日立 ITACHI']"
77,hills希爾思,['希爾思 Hills']
78,maybelline媚比琳,['MAYBELLINE 媚比琳']
79,dr.hsieh達特醫,"['dr.hsieh', 'Dr.Hsieh 達特醫', 'Dr.Hsieh達特醫', 'Dr.Hsieh']"
80,grandmother agafia阿加菲亞老奶奶,"['Grandmother Agafia 阿加菲亞老奶奶', '阿加菲亞老奶奶 Grandmother Agafia']"
81,cesar西莎,['西莎 Cesar']
82,heran禾聯,"['禾聯', '禾聯 HERAN']"
83,utena佑天蘭,['Utena 佑天蘭']
84,chian pin強品,['強品 Chian Pin']
85,mature美萃,['美萃 MATURE']
86,matric松木家電,['松木家電 MATRIC']
87,zojirushi象印,"['象印', '象印 ZOJIRUSHI', '象印 Zojirushi']"
88,ziaja齊葉雅,"['ziaja', 'Ziaja 齊葉雅', 'ZIAJA']"
89,forbelovedone寵愛之名,"['ForBelovedOne 寵愛之名', 'ForBelovedOne寵愛之名']"
90,sebamed施巴,"['施巴', '施巴 Sebamed', 'Sebamed 施巴', '施巴Sebamed']"
91,head海德,"['海德 HEAD', 'HEAD 海德']"
92,timotei蒂沐蝶,"['timotei', '蒂沐蝶 TIMOTEI', 'Timotei']"
93,nutram紐頓,['紐頓 Nutram']
94,catrice卡翠絲,['Catrice 卡翠絲']
95,lg樂金,"['lg', '樂金', '樂金 LG', 'LG']"
96,paula's choice寶拉珍選,"[""PAULA'S CHOICE 寶拉珍選""]"
97,numis med樂美思,['Numis med 樂美思']
98,pond's旁氏,"[""POND'S 旁氏""]"
99,b歐樂,['歐樂B']
100,classic pets加好寶,['加好寶 Classic Pets']
101,mobby莫比,['莫比 Mobby']
102,biotherm碧兒泉,['Biotherm 碧兒泉']
103,integrate櫻特芮,['INTEGRATE 櫻特芮']
104,elizabeth arden伊麗莎白雅頓,"['伊麗莎白雅頓', 'Elizabeth Arden 伊麗莎白雅頓']"
105,lab series雅男士,['Lab Series 雅男士']
106,sofina蘇菲娜,['SOFINA 蘇菲娜']
107,herbacin德國小甘菊,['herbacin 德國小甘菊']
108,ogawa奧佳華,['奧佳華 OGAWA']
109,seeds聖萊西,['聖萊西 Seeds']
110,pei ci沛奇,['沛奇 Pei Ci']
111,shiseido資生堂,"['shiseido men', 'shiseido資生堂東京櫃', 'shiseido資生堂國際櫃', '資生堂', 'SHISEIDO 資生堂', 'SHISEIDO 資生堂東京櫃', 'SHISEIDO 資生堂國際櫃', '資生堂 SHISEIDO', 'SHISEIDO MEN']"
112,kose高絲,"['kose高絲-專櫃', 'KOSE 高絲', 'KOSE 高絲-專櫃']"
113,aromase艾瑪絲,['艾瑪絲 AROMASE']
114,d program敏感話題,['d program 敏感話題']
115,whoo后,"['Whoo 后', 'WHOO 后']"
116,persil寶瀅,"['persil', '寶瀅Persil', 'Persil']"
117,hilltop山頂鳥,['Hilltop山頂鳥']
118,estee lauder雅詩蘭黛,['Estée Lauder 雅詩蘭黛']
119,parodontax牙周適,['Parodontax 牙周適']
120,buffalo牛頭牌,"['牛頭牌', '牛頭牌 Buffalo']"
121,plan cat喵洽普,"['喵洽普', '喵洽普 PLAN CAT']"
122,sublimic芯之麗,['芯之麗 SUBLIMIC']
123,dentiste'牙醫選,"[""DENTISTE'牙醫選""]"
124,king wang貓皇族,['貓皇族 KING WANG']
125,essehair易生絲,['易生絲 ESSEHAIR']
126,shimizu清水,['清水 shimizu']
127,l'occitane歐舒丹,"['歐舒丹', ""L'OCCITANE 歐舒丹"", ""歐舒丹 L'OCCITANE""]"
128,princess荷蘭公主,"['荷蘭公主', '荷蘭公主 PRINCESS']"
129,twistix特緹斯,['特緹斯 Twistix']
130,schwarzkopf施華蔻,['施華蔻 Schwarzkopf']
131,kolin歌林,"['歌林', '歌林 Kolin', '歌林 KOLIN', '歌林 kolin']"
132,macherie瑪宣妮,"['瑪宣妮', '瑪宣妮 MACHERIE']"
133,eau耀,"['EAU 耀', '耀 EAU', 'EAU耀']"
134,heinz亨式,['HEINZ亨式']
135,422inc韓國,['韓國422Inc']
136,ghr健康主義,"['ghr', 'GHR健康主義', 'GHR']"
137,whirlpool惠而浦,"['惠而浦', '惠而浦 Whirlpool', '惠而浦 whirlpool']"
138,freshel膚蕊,"['Freshel 膚蕊', 'FRESHEL 膚蕊']"
139,healthy era健康紀元,['健康紀元 HEALTHY ERA']
140,asics亞瑟士,['亞瑟士 ASICS']
141,ettusais艾杜紗,['ettusais 艾杜紗']
142,balance博朗氏,"['博朗氏', '博朗氏 Balance']"
143,elle & vire愛樂薇,['愛樂薇 Elle & Vire']
144,bobbi brown芭比波朗,['BOBBI BROWN 芭比波朗']
145,iwatani岩谷,['岩谷 Iwatani']
146,majolica majorca戀愛魔鏡,['MAJOLICA MAJORCA 戀愛魔鏡']
147,fuze tea飛想茶,['飛想茶 fuze tea']
148,instinct原點,['原點 Instinct']
149,lexma雷馬,['雷馬 LEXMA']
150,ld樂迪,['樂迪LD']
151,derma丹麥德瑪,"['derma', '丹麥德瑪 Derma', 'Derma', 'Derma 丹麥德瑪']"
152,lotte樂天,"['lotte', '樂天', '樂天 LOTTE', '樂天 Lotte', 'Lotte', 'Lotte樂天']"
153,simple kaffa興波咖啡,"['興波咖啡', '興波咖啡 Simple Kaffa']"
154,petal fresh沛特斯,"['沛特斯', 'PETAL FRESH 沛特斯']"
155,viper博帝,['博帝 VIPER']
156,clinique倩碧,['CLINIQUE 倩碧']
157,jealousness婕洛妮絲,['Jealousness 婕洛妮絲']
158,vilson米森,['米森 vilson']
159,lits日本植物精粹極緻奢華保養,['LITS 日本植物精粹極緻奢華保養']
160,from taiwan豐台灣,['From Taiwan 豐台灣']
161,omi近江兄弟社,['OMI 近江兄弟社']
162,naruko牛爾親研,['NARUKO 牛爾親研']
163,farmina法米納,['法米納 Farmina']
164,ph9.0.0,['PH9.0']
165,gimpet竣寶,['竣寶 Gimpet']
166,queen bee蜂王,['QUEEN BEE 蜂王']
167,c-skin杜克,['C-Skin 杜克']
168,honey cat貓戀人,"['貓戀人', '貓戀人 HONEY CAT']"
169,intopic廣鼎,['廣鼎 INTOPIC']
170,q'her植感,"[""Q'her 植感""]"
171,vaseline凡士林,['Vaseline 凡士林']
172,shu uemura植村秀,"['植村秀 shu uemura', '植村秀 Shu uemura', 'shu uemura 植村秀']"
173,evita艾薇塔,['EVITA 艾薇塔']
174,sexylook西西露,['SEXYLOOK 西西露']
175,helena rubinstein赫蓮娜,"['hr赫蓮娜', 'Helena Rubinstein 赫蓮娜', 'HR 赫蓮娜']"
176,sharp夏普,"['夏普', '夏普 SHARP', '夏普 Sharp']"
177,kao花王,"['花王', '日本花王', 'Kao 花王', '花王 Kao', '花王kao']"
178,cherie法麗,['法麗 Cherie']
179,jason捷森,['捷森 Jason']
180,vana candles琺鈉,['Vana Candles 琺鈉']
181,chanel香奈兒,['CHANEL 香奈兒']
182,barista西雅圖,"['西雅圖', '西雅圖 BARISTA']"
183,sony索尼,"['sony', '索尼 SONY', 'SONY']"
184,akika漁極,['漁極 AkikA']
185,energy艾諾琪,['ENERGY 艾諾琪']
186,fuso福壽,"['fuso pets福壽', '福壽 FUSO', '福壽 FUSO Pets']"
187,rico芮可,['芮可 RICO']
188,kinyo耐嘉,['耐嘉 KINYO']
189,coca cola可口可樂,['可口可樂 Coca Cola']
190,natureke紐崔克,['紐崔克 NatureKE']
191,browit貝奧莉,['Browit 貝奧莉']
192,arcteryx始祖鳥,['Arcteryx 始祖鳥']
193,razer雷蛇,['雷蛇 RAZER']
194,lovita愛維他,"['愛維他', 'Lovita愛維他']"
195,zenn.th茲恩,['ZENN.TH 茲恩']
196,upet優沛特,['優沛特 uPet']
197,horizon天際線,['天際線 Horizon']
198,weider威德,"['威德', '威德 Weider']"
199,quaker桂格,['桂格 QUAKER']
200,kocskin克麗詩黛,['KOCSKIN 克麗詩黛']
201,sweet touch直覺,"['直覺', '直覺 sweet touch']"
202,orbis奧蜜思,['ORBIS 奧蜜思']
203,ozbone奧力棒,['奧力棒 OzBone']
204,best倍思特,"['倍思特 BEST', '倍思特 Best']"
205,valentino rudy范倫鐵諾,"['Valentino Rudy 范倫鐵諾', '范倫鐵諾 Valentino Rudy']"
206,zebra 斑馬牌,['斑馬牌 ZEBRA ']
207,tide汰漬,"['tide', '汰漬 TIDE', '汰漬 Tide', 'TIDE', 'Tide']"
208,dove多芬,"['多芬', '多芬 Dove', 'Dove 多芬']"
209,hp惠普,"['惠普 HP', 'HP 惠普']"
210,sakura櫻花,['櫻花 SAKURA']
211,aula狼蛛,['狼蛛 AULA']
212,foxxray狐鐳,['狐鐳 FoxXRay']
213,m'daryn喵樂,"[""喵樂 M'DARYN""]"
214,whiskas偉嘉,['偉嘉 whiskas']
215,kria可利亞,['可利亞 KRIA']
216,green綠的,"['綠的', '綠的 GREEN', 'GREEN 綠的', '綠的Green']"
217,duo麗優,['DUO 麗優']
218,egekilde伊克萊,['伊克萊 Egekilde']
219,rohto樂敦,"['rohto日本樂敦', 'ROHTO 樂敦', 'ROHTO 日本樂敦']"
220,bifesta碧菲絲特,['Bifesta 碧菲絲特']
221,beauty buffet天天美麗,['Beauty Buffet 天天美麗']
222,toshiba東芝,"['東芝', '東芝 TOSHIBA']"
223,sulwhasoo雪花秀,['Sulwhasoo 雪花秀']
224,therapind魔唇,['THERAPIND 魔唇']
225,ysl聖羅蘭,"['ysl伊夫·聖羅蘭', 'YSL 聖羅蘭', 'YSL 伊夫·聖羅蘭']"
226,solution耐吉斯,"['耐吉斯 SOLUTION', '耐吉斯 Solution']"
227,meishoku明色,['MEISHOKU 明色']
228,is愛思,['愛思 IS']
229,osner韓國歐紳,['韓國歐紳 OSNER']
230,sher夏爾保養,['SHER 夏爾保養']
231,simple清妍,['Simple 清妍']
232,nature story自然物語,['自然物語 Nature Story']
233,tokyu hands台隆手創館,['TOKYU HANDS 台隆手創館']
234,aixia愛喜雅,['愛喜雅 AIXIA']
235,the face shop菲詩小舖,"['THE FACE SHOP菲詩小舖', 'THE FACE SHOP 菲詩小舖']"
236,clarins克蘭詩,['CLARINS 克蘭詩']
237,etude奧斯卡,['ETUDE奧斯卡']
238,yami yami亞米亞米,['亞米亞米 Yami Yami']
239,shirmeny雪曼妮,['Shirmeny 雪曼妮']
240,corsair海盜船,['海盜船 CORSAIR']
241,wellness寵物健康,['寵物健康 WELLNESS']
242,jeogseoul漢城淨雪,['JeogSeoul 漢城淨雪']
243,nuit努特,"['努特 NUIT', 'NUIT 努特']"
244,benq明基,['明基 BenQ']
245,dr.wu達爾膚,['DR.WU 達爾膚']
246,teapower茶寶,['Teapower 茶寶']
247,absolute new york絕色紐約,['ABSOLUTE NEW YORK 絕色紐約']
248,citrus希翠斯,['希翠斯 CITRUS']
249,oh-care歐克威爾,['歐克威爾 oh-care']
250,clio珂莉奧,"['CLIO 珂莉奧', 'Clio 珂莉奧']"
251,cle de peau beaute肌膚之鑰,['clé de peau beauté 肌膚之鑰']
252,snuggle熊寶貝,"['熊寶貝', '熊寶貝 SNUGGLE']"
253,firstmate第一饗宴,['第一饗宴 FirstMate']
254,mocca摩卡,['摩卡 Mocca']
255,e視界,['E視界']
256,locknlock樂扣樂扣,['樂扣樂扣 LocknLock']
257,lipovitan力保美達,['力保美達 LIPOVITAN']
258,kafen卡氛,"['卡氛', '卡氛 KAFEN']"
259,pert飛柔,['飛柔 PERT']
260,pro plan冠能,['Pro Plan 冠能']
261,ikiiki伊崎,['伊崎 Ikiiki']
262,anessa安耐曬,['ANESSA 安耐曬']
263,mirae未來美,['MIRAE 未來美']
264,perfect理想,"['理想 PERFECT', '理想 Perfect']"
265,nutro美士,['美士 Nutro']
266,pure猋,"['猋', '猋 Pure']"
267,tsubaki思波綺,['思波綺 Tsubaki']
268,sanlux台灣三洋,"['sanlux三洋', '台灣三洋', '三洋', '三洋 SANLUX', '台灣三洋 SANLUX']"
269,syoss絲蘊,"['絲蘊 Syoss', 'syoss 絲蘊']"
270,haier海爾,"['海爾', '海爾 Haier', '海爾 HAIER']"
271,monpetit貓倍麗,['貓倍麗 MonPetit']
272,ora2愛樂齒,['愛樂齒 Ora2']
273,recolte麗克特,"['麗克特', '麗克特 récolte', '麗克特 recolte']"
274,palmer's帕瑪氏,"[""PALMER'S 帕瑪氏"", ""帕瑪氏 PALMER'S""]"
275,akira御衣坊,"['御衣坊', '御衣坊 Akira', 'Akira御衣坊']"
276,pure.tiful純淨妍,['pure.tiful 純淨妍']
277,e.s.t.土耳其,['土耳其E.S.T.']
278,vichy薇姿,"['VICHY 薇姿', 'VICHY薇姿']"
279,tt kotemein tt波特嫚,['TT KOTEMEIN TT 波特嫚']
280,kalorik凱瑞克,['凱瑞克 KALORIK']
281,tatung大同,['大同 TATUNG']
282,ttm提提研,['TTM 提提研']
283,fees法緻,"['fees', 'Fees 法緻', 'Fees', '法緻 Fees']"
284,cosnature德國植萃,['cosnature 德國植萃']
285,ebisu惠百施,['惠百施 EBISU']
286,justherb香草集,"['justherb', '香草集', '香草集 JustHerb', 'JustHerb', 'JustHerb 香草集']"
287,u beauty澳洲依美油,['u beauty 澳洲依美油']
288,nestle雀巢,"['雀巢', '雀巢 Nestle']"
289,rapoo雷柏,['雷柏 Rapoo']
290,kai貝印,['KAI 貝印']
291,lv primeblue藍帶,['藍帶 LV PRIMEBLUE']
292,lapetz樂倍,['LaPetz 樂倍']
293,all clean多益得,['多益得All clean']
294,prosi普洛斯,"['普洛斯', '普洛斯Prosi', '普洛斯 Prosi']"
295,chimei奇美,['奇美 CHIMEI']
296,acer宏碁,"['Acer 宏碁', '宏碁 Acer']"
297,mildskin麥德絲肌,['MILDSKIN 麥德絲肌']
298,gennies奇妮,['奇妮 Gennies']
299,cerave適樂膚,"['CeraVe 適樂膚', 'CeraVe適樂膚']"
300,fiji斐濟,['斐濟 FIJI']
301,health extension綠野鮮食,"['綠野鮮食 Health Extension', '綠野鮮食Health Extension']"
302,bebe poshe奢華寶貝,['BEBE POSHE 奢華寶貝']
303,saholea森歐黎漾,"['saholea', '森歐黎漾', '森歐黎漾 Saholea', 'SAHOLEA']"
304,get naked健納緹,['健納緹 Get Naked']
305,swissvita薇佳,['Swissvita 薇佳']
306,amtran瑞軒,['瑞軒 AmTRAN']
307,casa卡薩,"['casa', '卡薩 Casa', 'CASA']"
308,oldtown舊街場,['舊街場 OLDTOWN']
309,farcent花仙子,"['farcent', '花仙子 Farcent', 'Farcent']"
310,ito en伊藤園,"['伊藤園', '伊藤園 Ito EN']"
311,neuve惹我,['neuve 惹我']
312,baster巴絲特,['巴絲特 Baster']
313,gootoe活力零食,['活力零食 GooToe']
314,enherb恩荷,['恩荷 enherb']
315,combi康貝,"['combi', '康貝', 'Combi 康貝', 'COMBI', '康貝 Combi']"
316,pigeon貝親,"['貝親', '貝親 Pigeon', 'Pigeon貝親']"
317,laneige蘭芝,['LANEIGE 蘭芝']
318,hong jin宏晉,['宏晉 Hong Jin']
319,econeco繪子貓,['Econeco 繪子貓']
320,marusan丸三,['Marusan 丸三']
321,paldo八道,['八道 PALDO']
322,elastine伊絲婷,['伊絲婷 Elastine']
323,tiger虎牌,"['虎牌', '虎牌 TIGER']"
324,roudye柔蝶,"['Roudye 柔蝶', 'ROUDYE 柔蝶', '柔蝶 Roudye']"
325,timaru堤瑪露,"['TIMARU 堤瑪露', 'Timaru 堤瑪露']"
326,shengyuan盛源,['盛源 SHENGYUAN']
327,tuscan natural托斯卡,['托斯卡 Tuscan Natural']
328,johnson's嬌生,"['嬌生', ""嬌生 Johnson's"", ""Johnson's 嬌生""]"
329,smartheart慧心,"['smartheart慧心貓糧', '慧心貓糧 SmartHeart', '慧心 SmartHeart']"
330,masions美心,['美心 MASIONS']
331,chewy time健康時刻,['健康時刻 Chewy Time']
332,ipet艾沛,['艾沛 IPET']
333,i-rocks艾芮克,['艾芮克 i-Rocks']
334,a freschi srl艾富鮮,['艾富鮮 A Freschi srl']
335,takumi塔谷米,"['takumi', 'TAKUMI', '塔谷米 TAKUMI']"
336,df美肌醫生,['DF美肌醫生']
337,ice思美洛,['思美洛Ice']
338,kona可娜,['可娜 KONA']
339,caffe chat咖啡講,['caffè chat咖啡講']
340,mkup美咖,['MKUP 美咖']
341,ido船井醫朵保養,['Ido 船井醫朵保養']
342,lux麗仕,"['麗仕', '麗仕 LUX']"
343,corningware康寧,['康寧 CorningWare']
344,beautia倍立雅,['BEAUTIA 倍立雅']
345,aquair阿葵亞,['阿葵亞 AQUAIR']
346,saugella賽吉兒,['SAUGELLA 賽吉兒']
347,frigidaire富及第,"['富及第', '富及第 FRIGIDAIRE', '富及第 Frigidaire']"
348,alcatel阿爾卡特,['阿爾卡特 Alcatel']
349,wonder旺德,"['旺德 Wonder', '旺德 WONDER']"
350,mimar咪碼,['咪碼 Mimar']
351,minon aminomoist蜜濃,['MINON AminoMoist 蜜濃']
352,el伊德爾,"['伊德爾', 'EL伊德爾']"
353,maycheer美茜兒,"['maycheer', 'MAYCHEER 美茜兒', 'MAYCHEER']"
354,annemarie borlind安娜柏林,['AnneMarie Borlind 安娜柏林']
355,l'oreal paris巴黎萊雅,"[""L'Oréal Paris 巴黎萊雅"", ""巴黎萊雅 L'OREAL PARIS""]"
356,klim克寧,"['克寧', '克寧 KLIM']"
357,pelican沛麗康,"['Pelican 沛麗康', '沛麗康 Pelican']"
358,siegal思高,['Siegal 思高']
359,yarrah歐瑞,['歐瑞 yarrah']
360,dan丹,['丹 DAN']
361,belle madame貝麗瑪丹,['Belle Madame 貝麗瑪丹']
362,msi微星,"['msi微星科技', '微星科技 MSI', 'msi 微星', '微星 MSI']"
363,naive娜艾菩,"['naive 娜艾菩', '娜艾菩naive']"
364,elixir怡麗絲爾,['ELIXIR 怡麗絲爾']
365,ergotech人因科技,['人因科技 Ergotech']
366,dream trend凱夢,"['DREAM TREND 凱夢', '凱夢 Dream Trend']"
367,schweppes舒味思,"['舒味思', '舒味思 Schweppes']"
368,baseus倍思,['倍思 BASEUS']
369,watsons屈臣氏,"['watsons', '屈臣氏', 'WATSONS', 'Watsons 屈臣氏', '屈臣氏 Watsons']"
370,addiction自然癮食,"['自然癮食 Addiction', '自然癮食 ADDICTION']"
371,litomon怪獸部落,"['怪獸部落', '怪獸部落 LitoMon']"
372,huawei華為,['華為 HUAWEI']
373,embryolisse恩倍思,['Embryolisse 恩倍思']
374,ingeni新肌霓,['新肌霓 Ingeni']
375,kakato卡格,['卡格 Kakato']
376,revive麗膚再生,['ReVive 麗膚再生']
377,essentia逸萱秀,['逸萱秀 Essentia']
378,lishan日本,['日本 Lishan']
379,oceanique歐斯恩,"['歐斯恩', '歐斯恩 Oceanique']"
380,wellbe威比,['威比 WELLBE']
381,perfect diary完美日記,['完美日記 PERFECT DIARY']
382,rinpoo潤波,['RINPOO潤波']
383,u-may優妹,['優妹 U-May']
384,the body shop美體小舖,"['the body shop', 'The Body Shop 美體小舖', 'The Body Shop', 'THE BODY SHOP', '美體小舖 The Body Shop']"
385,lescaut蕾斯卡歐,['Lescaut 蕾斯卡歐']
386,physiogel潔美淨,['PHYSIOGEL 潔美淨']
387,monster energy魔爪,['魔爪 Monster Energy']
388,forest森鮮,['森鮮 FOREST']
389,hanboly韓波俐,"['韓波俐', '韓波俐 Hanboly']"
390,parfum巴黎帕芬,"['parfum', '巴黎帕芬 Parfum', 'PARFUM']"
391,paddy台菱,['台菱 Paddy']
392,allando奧藍多,['奧藍多 Allando']
393,phisoderm菲蘇德美,"['菲蘇德美', 'pHisoDerm 菲蘇德美']"
394,gigabyte技嘉,"['GIGABYTE 技嘉', '技嘉 GIGABYTE']"
395,everpure愛惠浦,['愛惠浦 EVERPURE']
396,anf愛恩富,"['愛恩富', '愛恩富 ANF']"
397,contin康定,['康定 contin']
398,cougar美洲獅,['美洲獅COUGAR']
399,mustela慕之恬廊,"['mustela', 'Mustela 慕之恬廊', '慕之恬廊 mustela', 'Mustela']"
400,sputnik史普尼克,['SPUTNIK 史普尼克']
401,lenovo聯想,"['Lenovo 聯想', '聯想 Lenovo']"
402,vs沙宣,"['沙宣', '沙宣 VS']"
403,freeplus芙莉思,['freeplus 芙莉思']
404,dalli德國達麗,"['德國達麗Dalli', '德國達麗 dalli']"
405,pg美人網,['PG美人網']
406,junkisei prime潤肌精,['Junkisei Prime 潤肌精']
407,mitsubishi三菱,"['三菱', '三菱電機', '三菱 MITSUBISHI', '三菱 Mitsubishi']"
408,brasilia巴西里亞,['巴西里亞 Brasilia']
409,love code戀愛密碼,['Love Code 戀愛密碼']
410,joyoung九陽,"['九陽', '九陽 Joyoung', '九陽 JOYOUNG']"
411,peter饗食,['饗食 Peter']
412,lady flavor好味小姐,['好味小姐 Lady Flavor']
413,unicharm嬌聯,['嬌聯 Unicharm']
414,fernleaf豐力富,['豐力富 Fernleaf']
415,qtta東洋,['東洋QTTA']
416,opal澳寶,['Opal 澳寶']
417,ifit微卡,['iFit 微卡']
418,muji無印良品,"['無印良品', 'MUJI 無印良品', '無印良品 MUJI']"
419,toffy日本,"['toffy', '日本Toffy', 'Toffy']"
420,orita歐芮坦,"['歐芮坦', '歐芮坦ORITA']"
421,pon pon manman澎澎,"['澎澎', 'PON PON MAN 澎澎Man']"
422,greenvines綠藤生機,"['綠藤生機', '綠藤生機 Greenvines']"
423,klorane蔻蘿蘭,"['蔻蘿蘭', '蔻蘿蘭 klorane']"
424,keyra奇拉,['奇拉 Keyra']
425,me-o咪歐,['咪歐 Me-O']
426,corsica科皙佳,"['corsica', 'CORSICA 科皙佳', 'CORSICA']"
427,baan貝恩,"['baan', '貝恩', 'Baan 貝恩', 'Baan']"
428,darphin朵法,['Darphin 朵法']
429,anriea艾黎亞,"['艾黎亞', '艾黎亞 ANRIEA']"
430,us baby優生,"['優生', '優生 US baby']"
431,beaphar樂透,['樂透 Beaphar']
432,deary媞爾妮,"['deary', 'Deary 媞爾妮', 'Deary', '媞爾妮 Deary']"
433,supreme source紐健士,['紐健士 Supreme Source']
434,qundo康朵,"['康朵', 'QUNDO 康朵']"
435,comefree康芙麗,['康芙麗 Comefree']
436,roccat德國冰豹,['德國冰豹ROCCAT']
437,atrix艾翠斯,['atrix 艾翠斯']
438,taiga大河,"['taiga', '大河', '大河 TAIGA', 'TAIGA']"
439,probo博寶兒,"['博寶兒Probo', '博寶兒 Probo', 'Probo 博寶兒']"
440,rimmel倫敦芮魅,['RIMMEL 倫敦芮魅']
441,whimzees唯潔,['唯潔 WHIMZEES']
442,lucido倫士度,"['LUCIDO 倫士度', '倫士度 LUCIDO']"
443,la lune蘭韻,"['蘭韻', 'la lune 蘭韻']"
444,alkmene歐坷蔓,"['alkmene 歐坷蔓', '歐坷蔓 alkmene']"
445,aqua label水之印,['AQUA LABEL 水之印']
446,dydo吟麗,"['dydo', 'DYDO 吟麗', 'DYDO']"
447,meyer美亞,['美亞 MEYER']
448,dr. bronner's布朗博士,"['布朗博士', ""Dr. Bronner's 布朗博士""]"
449,now娜奧,"['娜奧NOW', 'NOW 娜奧', 'NOW娜奧']"
450,skinfood思親膚,['SKINFOOD 思親膚']
451,min shiang名象,['名象 MIN SHIANG']
452,c諾鈣,['諾鈣C']
453,o’kat美喵人生,['美喵人生 O’KAT']
454,vi.chi維齊,['維齊 Vi.Chi']
455,blackmores澳佳寶,"['Blackmores 澳佳寶', 'Blackmores澳佳寶']"
456,canidae卡比,['卡比 CANIDAE']
457,on歐恩,['歐恩 on']
458,nuxe黎可詩,['NUXE 黎可詩']
459,pair沛醫亞,['PAIR 沛醫亞']
460,kneipp克奈圃,"['克奈圃', 'Kneipp 克奈圃', '克奈圃 Kneipp']"
461,nissin日清,"['日清', '日清 NISSIN']"
462,blistex碧唇,['Blistex 碧唇']
463,fanta芬達,['芬達 Fanta']
464,ipsa茵芙莎,['IPSA 茵芙莎']
465,balzano義大利,"['balzano', '義大利Balzano', 'Balzano']"
466,awson歐森,['歐森 AWSON']
467,fp大拇指,"['大拇指', '大拇指 FP']"
468,softymo絲芙蒂,['Softymo 絲芙蒂']
469,suntory三得利,"['三得利', 'Suntory 三得利', '三得利 SUNTORY']"
470,zwilling德國雙人,['德國雙人 Zwilling']
471,desiam暹羅,['deSIAM暹羅']
472,new widetech威技牌,['威技牌 New Widetech']
473,vegepet維吉,['維吉 VegePet']
474,giorgio armani亞曼尼,"['giorgio armani', 'armani亞曼尼', 'GIORGIO ARMANI 亞曼尼', 'ARMANI 亞曼尼', 'GIORGIO ARMANI']"
475,genie瓶中精靈,['Genie 瓶中精靈']
476,pepsi百事可樂,['百事可樂 PEPSI']
477,atopiclair愛妥麗,['ATOPICLAIR 愛妥麗']
478,nulo紐樂芙,['紐樂芙 Nulo']
479,benevo倍樂福,['倍樂福 Benevo']
480,minor figures小人物,['Minor Figures 小人物']
481,clean&clear可伶可俐,['Clean&Clear 可伶可俐']
482,dermeden得美登,['DermEden 得美登']
483,uncle paul保羅叔叔,['保羅叔叔 UNCLE PAUL']
484,decker百工,['百工 DECKER']
485,alya歐漾,['歐漾 ALYA']
486,everred長紅,['長紅 EverRed']
487,tt esports曜越,['曜越 Tt eSPORTS']
488,joy food喜樂寵宴,"['喜樂寵宴 Joy Food', '喜樂寵宴JOY FOOD']"
489,guerlain嬌蘭,['GUERLAIN 嬌蘭']
490,daily boost日卜力,['日卜力 Daily Boost']
491,rab英國,['英國 RAB']
492,monge瑪恩吉,"['瑪恩吉 Monge', '瑪恩吉 MONGE']"
493,pearlau沛柔,['沛柔 PearlAu']
494,jetart捷藝,['捷藝 JetArt']
495,siau詩杭,['詩杭 SIAU']
496,bioblas沛優絲,['沛優絲 Bioblas']
497,catpool貓侍,['貓侍 Catpool']
498,crius克瑞斯,['克瑞斯 CRIUS']
499,faceschool精油大學,['精油大學 FaceSchool']
500,nobori諾婕蒂,['NOBORI 諾婕蒂']
501,asahi朝日,"['asahi', '朝日', 'Asahi', 'ASAHI 朝日']"
502,sentosa三多,"['三多', '三多 SENTOSA']"
503,hikaru喜凱露,['HIKARU 喜凱露']
504,fujitsu富士通,"['富士通', '富士通FUJITSU']"
505,thermos膳魔師,['膳魔師 THERMOS']
506,predator shot掠奪者,['掠奪者 Predator Shot']
507,mediheal美迪惠爾,['MEDIHEAL 美迪惠爾']
508,georgia喬亞,['GEORGIA 喬亞']
509,jourdeness佐登妮絲,"['佐登妮絲', 'JOURDENESS 佐登妮絲']"
510,cj韓國,['韓國 CJ']
511,canus肯拿士,['CANUS 肯拿士']
512,crown皇冠,['皇冠 CROWN']
513,arwin雅聞,['雅聞 ARWIN']
514,isntree艾草,['ISNTREE艾草']
515,derma lab德美醫研,['Derma Lab 德美醫研']
516,gamarde珂瑪德,"['GamARde 珂瑪德', '珂瑪德 GamARde']"
517,future lab未來實驗室,"['future lab.未來實驗室', '未來實驗室 Future Lab.', '未來實驗室 FUTURE LAB', 'Future Lab 未來實驗室']"
518,skinrolling新科若林,['SkinRolling 新科若林']
519,natural pie多納滋,['多納滋 Natural Pie']
520,petag美國貝克,['美國貝克 PetAg']
521,ausgarden澳維花園,['澳維花園 Ausgarden']
522,kerasys可瑞絲,['可瑞絲 KERASYS']
523,mizuno美津濃,"['mizuno美津農', '美津農 MIZUNO', '美津濃 MIZUNO']"
524,a-derma艾芙美,['A-DERMA 艾芙美']
525,mores摩爾思,"['摩爾思', '摩爾思 mores']"
526,aoc艾德蒙,"['aoc', 'AOC', '艾德蒙 AOC']"
527,purina普瑞納,['普瑞納 Purina']
528,kent肯特,"['kent', 'KENT', '肯特 Kent']"
529,antica義大利草本專家,['義大利草本專家 ANTICA']
530,romeo羅蜜歐,['羅蜜歐 Romeo']
531,be with you伴您一生,['伴您一生 Be with you']
532,shangpree香蒲麗,['SHANGPREE 香蒲麗']
533,le coq sportif樂卡克,['樂卡克 le coq sportif']
534,burt's bees小蜜蜂爺爺,"[""burt's bees"", ""Burt's Bees 小蜜蜂爺爺"", ""BURT'S BEES 小蜜蜂爺爺"", ""Burt's Bees""]"
535,puppy小狗電器,['小狗電器 PUPPY']
536,manara曼娜麗,['MANARA 曼娜麗']
537,isana伊薩娜,"['isana', 'ISANA', 'ISANA 伊薩娜']"
538,cuisinart美膳雅,"['美膳雅', '美膳雅 Cuisinart']"
539,escents伊聖詩,"['伊聖詩', 'cosmescents伊聖詩', 'ESCENTS 伊聖詩', '伊聖詩 cosmescents']"
540,dr.huang黃禎憲,['Dr.HUANG 黃禎憲']
541,victor勝利體育,['VICTOR 勝利體育']
542,fasun琺頌,"['fasun', '琺頌 FASUN', 'FASUN']"
543,300 probiotics 300倍舒暢300,['倍舒暢300 Probiotics 300']
544,health philosophy菲爾比,['菲爾比 Health Philosophy']
545,oranot奧兰諾,['ORANOT奧兰諾']
546,ziwipeak巔峰,['巔峰 ZiwiPeak']
547,bova法柏,['法柏 Bova']
548,roidmi睿米科技,['睿米科技 Roidmi']
549,naris up娜麗絲,['Naris Up 娜麗絲']
550,napla娜普菈,['娜普菈 Napla']
551,miss nella妮娜小姐,['妮娜小姐 Miss Nella']
552,kate凱婷,"['kate tokyo凱婷', 'KATE TOKYO 凱婷', 'KATE 凱婷', '凱婷 kate']"
553,advanced艾德凡斯,['ADVANCED 艾德凡斯']
554,heit miro芳吉絲,['芳吉絲 Heit Miro']
555,le petit olivier法國小橄欖樹,['法國小橄欖樹 Le Petit Olivier']
556,apivita艾蜜塔,"['apivita', 'APIVITA 艾蜜塔', 'APIVITA']"
557,ts6護一生,"['ts6', 'TS6護一生', 'TS6']"
558,kuanyuanlian廣源良,['kuanyuanlian 廣源良']
559,jordon橋登,['JORDON 橋登']
560,herbox荷柏園,"['荷柏園', 'HERBOX 荷柏園', 'Herbox 荷柏園']"
561,yves rocher伊夫‧黎雪,"['yves rocher', '伊夫‧黎雪 Yves Rocher', 'YVES Rocher']"
562,rosbacher洛斯巴赫,['洛斯巴赫 Rosbacher']
563,gtech小綠,['小綠 Gtech']
564,movenpick莫凡彼,"['莫凡彼', '莫凡彼 MOVENPICK']"
565,roborock石頭科技,"['石頭科技', '石頭科技 Roborock']"
566,romeo l.微繫時光,['微繫時光 Romeo L.']
567,natural benefits純在,['純在 Natural Benefits']
568,ma:nyo魔女工廠,['Ma:nyo 魔女工廠']
569,dewalt得偉,['得偉 DEWALT']
570,navallihill娜法莉,['NAVALLIHILL 娜法莉']
571,ducky創傑,['創傑 Ducky']
572,vanicream薇霓肌本,"['薇霓肌本 VANICREAM', 'VANICREAM 薇霓肌本']"
573,herb blend植物物語,['HERB BLEND 植物物語']
574,kucinta科西塔,['科西塔 KUCINTA']
575,cat food square貓食坊,['貓食坊 Cat food Square']
576,fujitek富士電通,['富士電通 Fujitek']
577,su:m37 甦秘,['su:m37 甦秘']
578,thrive脆樂芙,['脆樂芙 Thrive']
579,balea芭樂雅,"['Balea 芭樂雅', '芭樂雅 Balea', 'Balea芭樂雅']"
580,bffect好肌膚精華研究室,"['bffect', 'BFFECT 好肌膚精華研究室', 'BFFECT']"
581,goldwell歌薇,['歌薇 GOLDWELL']
582,blaupunkt藍寶,"['藍寶', '藍寶 BLAUPUNKT']"
583,naturactor娜拉兒,['NATURACTOR 娜拉兒']
584,maxwell麥斯威爾,['麥斯威爾 Maxwell']
585,biocrown百匡,['BIOCROWN 百匡']
586,spring曙光,['曙光 spring']
587,dazzleslim黛若詩琳,['Dazzleslim 黛若詩琳']
588,logona諾格那,"['LOGONA 諾格那', '諾格那 LOGONA']"
589,rich.c瑞奇,['瑞奇 RICH.C']
590,nutrience紐崔斯,['紐崔斯 Nutrience']
591,dance with wolf荒野饗宴,['荒野饗宴 Dance With Wolf']
592,dyson戴森,"['dyson', 'Dyson', '戴森 Dyson', '戴森 DYSON']"
593,babe貝貝實驗室,"['貝貝實驗室', 'BABE 貝貝實驗室']"
594,blackwood柏萊富,['柏萊富 BLACKWOOD']
595,malie媄莉,['malie 媄莉']
596,amaze森林擴香,['森林擴香 Amaze']
597,nzxt恩傑,['恩傑 NZXT']
598,stclare聖克萊爾,"['st.clare聖克萊爾', 'StClare 聖克萊爾', 'St.Clare 聖克萊爾']"
599,kiladoll奇拉朵,['KilaDoll 奇拉朵']
600,ausganica澳潔蕬,"['澳潔蕬', '澳潔蕬 Ausganica']"
601,greenies新健綠,['新健綠 Greenies']
602,kingeagle鷹王,['鷹王 KingEagle']
603,ellia伊莉亞,"['ELLIA 伊莉亞', '伊莉亞 ELLIA']"
604,byphasse蓓昂斯,"['BYPHASSE 蓓昂斯', '蓓昂斯 BYPHASSE']"
605,carrefour家福,"['家福', '家福 Carrefour']"
606,strivectin皺效奇蹟,"['strivectin', 'StriVectin 皺效奇蹟', 'StriVectin']"
607,acimed艾迪美,['ACIMED艾迪美']
608,wealtz維爾滋,['維爾滋 Wealtz']
609,romeo羅密歐,"['羅密歐', '羅密歐 ROMEO']"
610,columbia哥倫比亞,['Columbia 哥倫比亞']
611,pantop邦比,['邦比 PANTOP']
612,krauterhof草本莊園,['草本莊園 KRAUTERHOF']
613,dulgon得而康,['Dulgon 得而康']
614,dr.cink達特聖克,['DR.CINK 達特聖克']
615,cosme decorte黛珂,['Cosme Decorte 黛珂']
616,avon雅芳,['AVON 雅芳']
617,hcg和成,"['和成', 'HCG 和成']"
618,debalets小巴黎,['小巴黎 deBalets']
619,pinoh品諾,['品諾 PINOH']
620,satter莎特,"['莎特 SATTER', '莎特Satter']"
621,bbuy爵士貓吧,"['爵士貓吧', '爵士貓吧 BBUY']"
622,esense逸盛,['逸盛 Esense']
623,paos泡舒,['泡舒 PAOS']
624,airmate艾美特,"['艾美特', '艾美特 AIRMATE']"
625,bosch博世,['博世 BOSCH']
626,zhibai直白,['直白 ZHIBAI']
627,yeastmaster匠香,['匠香 YEASTMASTER']
628,banana boat香蕉船,['Banana Boat 香蕉船']
629,gemon啟蒙,['啟蒙 Gemon']
630,meridlife樂益活,['MeridLife 樂益活']
631,snow white白雪,"['白雪', 'Snow White 白雪']"
632,sanjirushi桑名,['桑名 Sanjirushi']
633,our family一家人,"['一家人', '一家人 OUR FAMILY']"
634,dms德妍思,"['德妍思', 'DMS 德妍思']"
635,lacto韓國,['韓國 LACTO']
636,arizona亞歷桑納,['亞歷桑納 Arizona']
637,natural farm自然牧場,['自然牧場 Natural Farm']
638,mill挪威,['挪威 Mill']
639,beka貝卡,['貝卡 BEKA']
640,dr. hauschka德國世家,"['德國世家 Dr. Hauschka', 'Dr. Hauschka 德國世家']"
641,najel法國,"['najel', '法國Najel', 'Najel']"
642,sangaria山加利,"['sangaria', '山加利 Sangaria', 'SANGARIA']"
643,apro愛卜,['愛卜 APro']
644,oklao歐客佬,"['歐客佬', '歐客佬 OKLAO']"
645,san benedetto聖碧濤,"['san benedetto', '聖碧濤 San Benedetto', 'San Benedetto']"
646,calbee卡樂比,['卡樂比 Calbee']
647,beko倍科,['倍科 Beko']
648,fs森林小舖,['FS森林小舖']
649,loveabowl囍碗,['囍碗 Loveabowl']
650,buff霸虎,['霸虎 BUFF']
651,deerma德爾瑪,['德爾瑪 Deerma']
652,fuchs福紅,['福紅 FUCHS']
653,blade錘子,['錘子 BLADE']
654,goen御宴,['御宴 GOEN']
655,viola麥維樂,['麥維樂 VIOLA']
656,gennis吉尼斯,['吉尼斯 Gennis']
657,telefunken德律風根,"['德律風根', '德律風根 Telefunken']"
658,panrose潘柔,"['PANROSE 潘柔', '潘柔 PANROSE']"
659,dale達樂,['達樂 DALE']
660,nicka. k妮卡,"['nicka.k', 'Nicka.K', 'NICKA. K 妮卡']"
661,ttl台酒生技,"['台酒生技', 'TTL 台酒生技']"
662,paris fragrance巴黎香氛,"['paris fashion巴黎香氛', 'Paris fragrance 巴黎香氛', 'Paris Fashion 巴黎香氛']"
663,baby best貝比斯特,['貝比斯特 Baby best']
664,first cosmetics works de第一化粧品,['First Cosmetics Works de第一化粧品']
665,earthborn原野優越,['原野優越 Earthborn']
666,maxill美適,['美適 Maxill']
667,blue bay倍力,"['bluebay倍力', '倍力 Blue Bay', '倍力 BLUEBAY']"
668,wicked bunny威克邦尼,['威克邦尼Wicked Bunny']
669,natural10++,['NATURAL10+']
670,bab培寶,"['培寶', 'bab 培寶']"
671,16 brand16,['16 brand']
672,cha tzu tang茶籽堂,"['茶籽堂 cha tzu tang', 'cha tzu tang 茶籽堂']"
673,denil milu宇晨,['宇晨 Denil Milu']
674,red seal紐西蘭紅印,['紐西蘭紅印 Red Seal']
675,perioe倍麗兒,"['倍麗兒', '倍麗兒 PERIOE']"
676,himalaya喜馬拉雅,"['Himalaya 喜馬拉雅', '喜馬拉雅 Himalaya']"
677,takura田倉,['田倉 TAKURA']
678,oven baked烘焙客,"['oven-baked', 'Oven-Baked', '烘焙客 Oven Baked']"
679,kamill卡蜜兒,['Kamill 卡蜜兒']
680,calimba凱琳,['凱琳 CALIMBA']
681,neobio麗柏有機,"['麗柏有機 Neobio', 'Neobio 麗柏有機']"
682,agim阿基姆,['阿基姆 AGiM']
683,albion奧碧虹,['ALBION 奧碧虹']
684,svg淨七代,['SVG 淨七代']
685,hk家居,['HK家居']
686,bioes囍瑞,['囍瑞 BIOES']
687,steelseries賽睿,['賽睿 Steelseries']
688,tsae ti采緹,"['采緹', 'Tsae Ti 采緹']"
689,spa絲帕,['絲帕 SPA']
690,hyperr超躍,['超躍 Hyperr']
691,create ion創離子,['創離子 CREATE ION']
692,givenchy紀梵希,['Givenchy 紀梵希']
693,hug哈格,['哈格 Hug']
694,sofei舒妃,['舒妃 SOFEI']
695,frusirnana美膚娜娜,['FRUSIRNANA 美膚娜娜']
696,sniper 掠食者,['SNIPER  掠食者']
697,iq cat聰明貓乾糧,['聰明貓乾糧 IQ CAT']
698,kracie葵緹亞,['Kracie 葵緹亞']
699,unitec彤妍,['UNITEC 彤妍']
700,glamour sky魔法天空,['Glamour Sky 魔法天空']
701,somerset賽玫特,['Somerset 賽玫特']
702,noctua貓頭鷹,['貓頭鷹 Noctua']
703,deukonig德京,['德京 Deukonig']
704,matrix美奇絲,['美奇絲 MATRIX']
705,mydearcat親密貓,['親密貓 MyDearCat']
706,24h哈嘍,['哈嘍24h']
707,real barrier沛麗膚,['Real Barrier 沛麗膚']
708,white小適,['小適 White']
709,grace one極上活妍,['GRACE ONE 極上活妍']
710,niou amaze紐奇肌,['NIOU AMAZE 紐奇肌']
711,catidea貓樂適,['貓樂適 Catidea']
712,hanru韓汝,['HANRU 韓汝']
713,toro黑鮪,['黑鮪 TORO']
714,acecook旨味杯麵,['Acecook旨味杯麵']
715,g+居家,"['g+ 居家', 'G+居家', 'G+ 居家']"
716,herbally草本真情,['草本真情 herbally']
717,kangol袋鼠,"['kangol', 'KANGOL', '袋鼠 Kangol']"
718,a&h鐵鎚牌,['鐵鎚牌A&H']
719,makita牧田,['牧田 MAKITA']
720,songen松井,"['松井', '松井 SONGEN']"
721,kingston晶燉,['晶燉 Kingston']
722,webner葦柏納,['Webner 葦柏納']
723,neocell妮兒,['NEOCELL妮兒']
724,st雞仔牌,['ST雞仔牌']
725,dr.may美博士,['Dr.May 美博士']
726,wild ferns帕爾氏,['Wild Ferns 帕爾氏']
727,silverstone銀欣,['銀欣 SilverStone']
728,yendar研達,['研達 YENDAR']
729,gudetama蛋黃哥,['蛋黃哥 gudetama']
730,furimori富力森,"['富力森', '富力森 FURIMORI', '富力森 Furimori']"
731,multee摩堤,['摩堤 MULTEE']
732,lian li聯力,['聯力 LIAN LI']
733,buder普德,['普德 BUDER']
734,nestea雀巢茶品,['雀巢茶品 Nestea']
735,sandokkaebi山鬼怪,['山鬼怪Sandokkaebi']
736,eupa優柏,"['eupa', '優柏', 'EUPA', '優柏 EUPA']"
737,nutra tech皇冠,['皇冠 Nutra Tech']
738,psk寶絲汀,"['psk深海美肌專家', 'PSK 深海美肌專家', 'PSK 寶絲汀']"
739,okura biki大倉美記,['大倉美記 OKURA BIKI']
740,vd唯白,['唯白 VD']
741,jonzac森朵恩泉,"['jonzac', 'Jonzac', 'Jonzac 森朵恩泉']"
742,perrier沛綠雅,"['沛綠雅', '沛綠雅 Perrier']"
743,c.d.p愛在普羅旺斯,['C.D.P 愛在普羅旺斯']
744,sdl山多力,"['山多力', '山多力 SDL']"
745,sunhow上豪,"['上豪', '上豪 SUNHOW']"
746,nurturepro天然密碼,['天然密碼 NurturePRO']
747,green finger綠手指,"['green finger', '綠手指 Green Finger', 'Green Finger']"
748,lumina露蜜,['Lumina 露蜜']
749,jc咖啡,['JC咖啡']
750,kerastase卡詩,['卡詩 KERASTASE']
751,dr.藝群,"['Dr.藝群', 'Dr. 藝群']"
752,curecare安炫曜,['CureCare 安炫曜']
753,sansui山水,"['山水', '山水 SANSUI']"
754,hac永信,"['永信', '永信 HAC']"
755,grandpa’s soap神奇爺爺,['神奇爺爺 Grandpa’s Soap']
756,jie fen潔芬,"['潔芬', '潔芬 Jie Fen']"
757,dr.bei貝醫生,['貝醫生 DR.BEI']
758,ivory coat澳克騎士,"['澳克騎士 Ivory Coat', '澳克騎士 IVORY COAT']"
759,ravis森下仁丹,['森下仁丹Ravis']
760,la defonse黎得芳,['LA DEFONSE 黎得芳']
761,iope艾諾碧,['IOPE 艾諾碧']
762,pingo品工,['品工 PINGO']
763,dr.link林克博士,['Dr.Link 林克博士']
764,la mei la拉美拉,"['lameila拉美拉', '拉美拉 LA MEI LA', 'Lameila 拉美拉']"
765,fancy藤蔓擴香氛,['藤蔓擴香氛 fancy']
766,mjamjam魔力喵,['魔力喵 MjAMjAM']
767,vf魏大夫,"['VF魏大夫', '魏大夫 VF']"
768,daesang大象,['DAESANG大象']
769,running pets毛孩快跑,['毛孩快跑 Running Pets']
770,nd澳洲,['澳洲ND']
771,love愛的獎勵,['LOVE 愛的獎勵']
772,maytag美泰克,"['美泰克 MAYTAG', '美泰克 Maytag']"
773,hello你好,['你好 HELLO']
774,hongyew鴻宇,['鴻宇 HongYew']
775,uy28 優雅美體,['uy28 優雅美體']
776,vitasoy維他奶,['Vitasoy 維他奶']
777,deerdogs狄寶,['狄寶 DEERDOGS']
778,in-plus贏,"['贏 IN-Plus', '贏 IN-PLUS']"
779,evolve伊法,['伊法 Evolve']
780,infinity無限肌緻,['INFINITY 無限肌緻']
781,goodyear固特異,['固特異 goodyear']
782,ajuste愛伽絲,['Ajuste 愛伽絲']
783,reveur芮芙茹,['芮芙茹 Reveur']
784,mr.sci賽先生科學,['Mr.sci 賽先生科學']
785,okogreen生態綠,"['生態綠', '生態綠 okogreen']"
786,efficat艾霏,['艾霏 Efficat']
787,alloya愛若雅,['ALLOYA愛若雅']
788,first lab菲特研,"['菲特研FIRST LAB', '菲特研 FIRST LAB']"
789,wish bone香草魔法,['香草魔法 WISH BONE']
790,aiken艾肯,"['aiken', '艾肯', 'Aiken', 'Aiken 艾肯', '艾肯 aiken']"
791,chrono affection時間寵愛,['Chrono Affection 時間寵愛']
792,tilley百年特莉,"['tilley皇家特莉', '皇家特莉 Tilley', 'Tilley 百年特莉', 'Tilley 皇家特莉']"
793,expert艾思柏,['艾思柏 EXPERT']
794,aus life澳思萊,"['澳思萊 AUS LIFE', 'AUS LIFE 澳思萊']"
795,fish4cats海洋之星,['海洋之星 FISH4CATS']
796,ballarini班樂尼,['班樂尼 Ballarini']
797,ocanis歐卡尼,['歐卡尼 Ocanis']
798,ecover宜珂,"['ecover', '宜珂 Ecover', 'ECOVER']"
799,thermalright利民,['利民 Thermalright']
800,cosplus光妍,['Cosplus 光妍']
801,dermal德瑪,"['dermal', 'DERMAL', 'DERMAL 德瑪']"
802,segreta仙格麗塔,['仙格麗塔 Segreta']
803,boutique璞莉可,"['璞莉可', 'BOUTIQUE 璞莉可']"
804,melvita蜜葳特,"['Melvita 蜜葳特', '蜜葳特 Melvita']"
805,happi纖嚼,['纖嚼 happi']
806,russell hobbs羅素,['羅素 Russell Hobbs']
807,loveisderma愛斯德瑪,['LOVEISDERMA 愛斯德瑪']
808,renata蕾娜塔,['蕾娜塔 RENATA']
809,ridata錸德,['錸德 RiDATA']
810,wajass威傑士,['威傑士 WAJASS']
811,moggy妙奇,['妙奇 MOGGY']
812,astalift艾詩緹,['ASTALIFT 艾詩緹']
813,dr.jou達特周,['DR.JOU 達特周']
814,utamaro東邦,"['東邦', '東邦 UTAMARO']"
815,arin氧潤,['氧潤 arin']
816,benefit貝玲妃,['benefit 貝玲妃']
817,tu meke friend圖米其,['圖米其 Tu Meke Friend']
818,lemin立明,['Lemin立明']
819,microsoft微軟,['微軟 Microsoft']
820,temptations喵愛餡,['喵愛餡 Temptations']
821,dr‘s formula‘,['Dr‘s Formula']
822,annamaet安娜美廚,['安娜美廚 Annamaet']
823,yamashita台灣山下,['台灣山下 YAMASHITA']
824,oster美國,"['oster', 'OSTER', '美國Oster', 'Oster']"
825,san sports山司伯特,"['山司伯特 SAN sports', '山司伯特 SAN SPORTS']"
826,yamasaki山崎,"['山崎', '山崎 YAMASAKI']"
827,seasons四季,"['四季', '四季 Seasons']"
828,caudalie歐緹麗,['CAUDALIE 歐緹麗']
829,kozawa小澤,"['小澤', '小澤 Kozawa']"
830,buydeem北鼎,['北鼎 BUYDEEM']
831,acts維詩彩妝,['ACTS 維詩彩妝']
832,imarflex伊瑪,"['伊瑪 imarflex', '伊瑪 Imarflex']"
833,coolermaster酷碼,"['cooler master', 'COOLER MASTER', 'Cooler Master', '酷碼 CoolerMaster']"
834,h&w英倫薇朵,"['h&w', '英倫薇朵 H＆W', 'H＆W']"
835,s+diamond鑽美姬,['S+DIAMOND 鑽美姬']
836,blackhawk黑鷹,['黑鷹 BlackHawk']
837,sowa首華,['首華 SOWA']
838,maison belle美生貝樂,['Maison Belle 美生貝樂']
839,pro'skit寶工,"[""寶工 Pro'sKit""]"
840,starbucks星巴克,"['starbucks', '星巴克', 'Starbucks', '星巴克 Starbucks']"
841,zushiang日象,"['日象', '日象 Zushiang', '日象 zushiang']"
842,bioneo德國百妮,"['德國百妮', 'BIONEO 德國百妮']"
843,g.must台灣通用,['G.MUST 台灣通用']
844,venandi animal德國貓王,['德國貓王 Venandi Animal']
845,sumikko gurashi角落生物,['角落生物 Sumikko Gurashi']
846,green fish葛林菲,['葛林菲 GREEN FISH']
847,paula's nail寶拉美甲,"[""Paula's Nail 寶拉美甲""]"
848,carl schmidt sohn德國卡爾,['德國卡爾 Carl Schmidt Sohn']
849,pet sweet寵物甜心,['寵物甜心 PET SWEET']
850,abee快譯通,['快譯通 Abee']
851,avoderm愛酪麗,['愛酪麗 AvoDerm']
852,aveda肯夢,"['aveda', 'AVEDA', 'AVEDA 肯夢']"
853,de cecco得科羅勒,['DE CECCO得科羅勒']
854,pet story寵愛物語,"['寵愛物語', '寵愛物語 pet story']"
855,sanosan德國珊諾,['sanosan 德國珊諾']
856,cat glory驕傲貓,['驕傲貓 Cat Glory']
857,rene furterer萊法耶,['萊法耶 RENE FURTERER']
858,der jinn德晉,['德晉 Der Jinn']
859,parmir帕米爾,['帕米爾 PARMIR']
860,lacalut樂固特,['樂固特 Lacalut']
861,anqueen安晴,['安晴 Anqueen']
862,ps美美妍,['PS美美妍']
863,singen信元發育寶,['信元發育寶 SINGEN']
864,pet village魔法村,"['pet village', '魔法村 Pet Village', 'Pet village']"
865,hito伊的,"['hito', 'Hito 伊的', 'Hito']"
866,sesderma賽斯黛瑪,['sesderma 賽斯黛瑪']
867,grange璞草園,"['璞草園', '璞草園 GRANGE']"
868,natural kitty自然小貓,['自然小貓 Natural Kitty']
869,eisai衛采,['Eisai 衛采']
870,seago賽嘉,['賽嘉 SEAGO']
871,oul'isi歐麗絲,"[""OUL'ISI 歐麗絲""]"
872,mkh無窮花,['MKH無窮花']
873,amity雅娜蒂,['雅娜蒂 amity']
874,liese莉婕,['Liese 莉婕']
875,wellness+ 盛燦男士,['wellness+ 盛燦男士']
876,misshan韓秀姬,['MISSHAN 韓秀姬']
877,primo ordine普瑞迪娜,['Primo Ordine 普瑞迪娜']
878,loshi樂絲,"['loshi', 'Loshi', '樂絲 Loshi']"
879,ciate夏緹,['Ciaté夏緹']
880,nugens捷視,['捷視 Nugens']
881,agricola植物者,['植物者AGRICOLA']
882,dr.oko德逸,['德逸 DR.OKO']
883,hiway海味,['海味hiway']
884,pezri派翠,"['PEZRI派翠', 'PEZRI 派翠']"
885,keune肯葳,['肯葳 KEUNE']
886,yourla益暢優,['益暢優 yourla']
887,kirkland科克蘭,"['kirkland signature科克蘭', '科克蘭 Kirkland Signature', 'Kirkland Signature 科克蘭', '科克蘭 Kirkland']"
888,heller嘉儀,['嘉儀 HELLER']
889,black gears黑設,['黑設 BLACK GEARS']
890,rhino犀牛,"['RHINO 犀牛', '犀牛 Rhino']"
891,mavros烏麗絲,['烏麗絲 MAVROS']
892,throne斯儂恩,['THRONE 斯儂恩']
893,retreev蕊琦芙,['RETREEV 蕊琦芙']
894,purrfact波菲特,['波菲特 PURRFACT']
895,pmu必美優,['必美優 PMU']
896,kensington肯辛通,['肯辛通Kensington']
897,quaplar葵柏兒,['Quaplar 葵柏兒']
898,esprique precious丰靡美姬,"['ESPRIQUE PRECIOUS 丰靡美姬', 'ESPRIQUE PRECIOUS丰靡美姬']"
899,youberry悠貝莉,['Youberry 悠貝莉']
900,soopa舒巴,['舒巴 SOOPA']
901,nikko日光,['日光 NIKKO']
902,ko咖啡王,['KO咖啡王']
903,berndes寶迪,['寶迪 Berndes']
904,radius雷迪兒,['雷迪兒 RADIUS']
905,larmi樂米,['樂米 LARMI']
906,treewalker露遊,"['treewalker', 'tree walker', 'TREEWALKER', '露遊 Treewalker', 'Tree Walker']"
907,kokumori穀盛,['穀盛 KOKUMORI']
908,traveler旅行者,['TRAVELER 旅行者']
909,scythe鐮刀,['鐮刀 SCYTHE']
910,wellcome好吉康,['好吉康 WELLCOME']
911,nuxe巴黎歐樹,['NUXE 巴黎歐樹']
912,digiking數位新貴,['數位新貴 DigiKing']
913,rorista蘿莉絲塔,['蘿莉絲塔 RORISTA']
914,dermaangel護妍天使,['DermaAngel 護妍天使']
915,pershow品夏,['品夏 PERSHOW']
916,yanagiya柳屋,"['YANAGIYA 柳屋', '柳屋 YANAGIYA']"
917,dr.douxi朵璽,"['Dr.Douxi朵璽', 'Dr.Douxi 朵璽']"
918,aatu奧圖,['奧圖 AATU']
919,mumchit默契,"['mumchit', 'MUMCHIT默契', 'MUMCHIT']"
920,legere蘭吉兒,"[""l'egere蘭吉兒"", ""L'EGERE 蘭吉兒"", 'LEGERE 蘭吉兒']"
921,zodiac諾帝亞,['諾帝亞 Zodiac']
922,benefit斑尼菲,['斑尼菲 BENEFIT']
923,smith+nephew史耐輝,['Smith+Nephew 史耐輝']
924,super mild詩波蜜柔,"['super mild', 'SUPER MILD', '詩波蜜柔 SUPER MILD']"
925,kiwi safe吉維氏,['吉維氏 KIWI SAFE']
926,simple sense]心僕鮮食],['心僕鮮食 Simple Sense]']
927,naturaverde自然之綠,"['自然之綠', '自然之綠 NATURAVERDE']"
928,supercoat斯博康,['斯博康 SUPERCOAT']
929,touch in sol光之瀅,['光之瀅 Touch in SOL']
930,ladykin蕾蒂金,['蕾蒂金 ladykin']
931,biofuture苾菲絲,['BIOFUTURE 苾菲絲']
932,romel l羅蜜歐,['羅蜜歐 Romel L']
933,la casta蕾珂詩,['蕾珂詩 La CASTA']
934,tesoro鐵修羅,['鐵修羅 TESORO']
935,mistral美寧,"['美寧', '美寧 Mistral']"
936,dr.歐思佛,['Dr.歐思佛']
937,famiclean全家安,['Famiclean 全家安']
938,infothink鋼鐵人,"['infothink', 'infoThink', 'InfoThink', '鋼鐵人 InfoThink']"
939,les nez香鼻子,"['les nez', 'Les nez 香鼻子', 'Les nez']"
940,skincode瑞士之鑰,['Skincode 瑞士之鑰']
941,pure純戀,"['pure', 'Pure', 'PURE', 'PURE純戀', '純戀 PURE']"
942,juejue嚼嚼,['嚼嚼 JUEJUE']
943,inessence怡森氏,['INESSENCE 怡森氏']
944,billy+margot比利瑪格,['比利瑪格 Billy+Margot']
945,cathy doll凱蒂娃娃,['Cathy Doll 凱蒂娃娃']
946,soka創禾,['創禾 SOKA']
947,poli波力,"['波力', '波力 POLI']"
948,leho植萃家,['LEHO植萃家']
949,duplair朵萊爾,['Duplair 朵萊爾']
950,victoria's secret維多利亞的秘密,"['維多利亞的秘密', ""Victoria's Secret 維多利亞的秘密""]"
951,love can fly樂健飛,['樂健飛 LOVE CAN FLY']
952,genuine捷元,['捷元 Genuine']
953,mdobi摩多比,['摩多比 MDOBI']
954,ceres席瑞思,['席瑞思 Ceres']
955,carein康茵,['CAREIN 康茵']
956,mad catz美加獅,['美加獅 Mad Catz']
957,philosophy肌膚哲理,['philosophy 肌膚哲理']
958,matchstick monkey咬咬猴,['咬咬猴 Matchstick Monkey']
959,cec風麋露,['風麋露 CEC']
960,kennex肯尼士,"['肯尼士', '肯尼士 KENNEX']"
961,royce皇家玫瑰,['皇家玫瑰 Royce']
962,real power瑞威,['瑞威 Real Power']
963,j-lek瑪莎曼,['瑪莎曼J-Lek']
964,100mountain百岳,[]
965,herb植萃,['植萃 herb']
966,jack wolfskin飛狼,['飛狼 Jack Wolfskin']
967,taste of the wild海陸饗宴,['海陸饗宴 Taste of the Wild']
968,topicrem特碧潤,['TOPICREM 特碧潤']
969,chic a bon奇哥,"['奇哥', '奇哥 CHIC A BON']"
970,kitchenwell金美滿,['金美滿 Kitchenwell']
971,applaws愛普士,['愛普士 Applaws']
972,frisian富力鮮,['富力鮮 Frisian']
973,conoha沐予,['conoha沐予']
974,oguma水美媒,['OGUMA 水美媒']
975,virbac維克,['維克 Virbac']
976,philo飛樂,['飛樂 philo']
977,nairia奈良彌亞,['NAIRIA 奈良彌亞']
978,gateron佳達隆,['佳達隆 Gateron']
979,fresh breath鮮呼吸,['鮮呼吸 Fresh breath']
980,venus amour戀愛女神,['戀愛女神 Venus Amour']
981,pixy比可思,['PIXY 比可思']
982,i-gotu雙揚,['雙揚 I-GOTU']
983,aroh艾洛,['Aroh 艾洛']
984,tricovel萃康髮,['萃康髮 Tricovel']
985,slimbaby纖體寶貝,['SlimBaby 纖體寶貝']
986,glitter宇堂,['宇堂 Glitter']
987,angfa絲凱露,"['angfa', 'angfa scalp-d beaute angfad絲凱露', 'ANGFA', 'ANGFA SCALP-D Beaute ANGFA 絲凱露D', 'ANGFA 絲凱露']"
988,isdin怡思丁,['ISDIN 怡思丁']
989,d-up,"['d-up', ' d-up']"
990,animonda阿曼達,['阿曼達 ANIMONDA']
991,nsou恩樹,['恩樹 nsòu']
992,bulgarian rose保加利亞玫瑰,['保加利亞玫瑰Bulgarian Rose']
993,spotless植靠淨,['植靠淨 SPOTLESS']
994,sharing bistro共饗食堂,['共饗食堂 Sharing Bistro']
995,it's skin伊思,"[""it's skin"", ""It's skin"", ""伊思It's Skin""]"
996,livin wild野宴,"['livin’ wild野宴', '野宴 Livin Wild', '野宴 LIVIN’ WILD']"
997,hongo鴻果,['鴻果 HONGO']
998,oui organic唯有機,['OUI ORGANIC 唯有機']
999,azzeen芝研,['AZZEEN 芝研']
1000,augustinus baderab德國,['Augustinus Bader 德國AB']
1001,lumikenka露米,['露米 Lumikenkä']
1002,lalil樂靈,['LALIL 樂靈']
1003,laundrin朗德林,['朗德林 Laundrin']
1004,marvo魔蠍,['魔蠍 MARVO']
1005,lenso聯碩,"['聯碩', '聯碩 LENSO']"
1006,macchia label瑪珂蕾貝,['MACCHIA LABEL 瑪珂蕾貝']
1007,gigijing淨極勁,['淨極勁GIGIJING']
1008,maymay美美地墊,['美美地墊 MayMay']
1009,wintek文鎧,['文鎧 WiNTEK']
1010,almo義士大廚,['義士大廚 almo']
1011,chanson強生,['強生 CHANSON']
1012,viviscal維維絲,['維維絲 Viviscal']
1013,agafia阿卡菲,['Agafia阿卡菲']
1014,voss芙絲,"['芙絲', '芙絲 VOSS']"
1015,maylink美菱,['美菱 MAYLINK']
1016,annchen陳怡安手工皂,['AnnChen 陳怡安手工皂']
1017,kolln科隆,['科隆 Kolln']
1018,fl生活+,"['生活', 'FL 生活+']"
1019,kgcheck凱綺萃,['凱綺萃 KGCHECK']
1020,blackdog旺兒,['旺兒 Blackdog']
1021,la voie lactee銀河莊園,['La Voie Lactee 銀河莊園']
1022,serlando詩蘭朵,['詩蘭朵 SERLANDO']
1023,neostrata芯絲翠,['NeoStrata 芯絲翠']
1024,julius meinl小紅帽咖啡,['小紅帽咖啡 Julius Meinl']
1025,vintage凡諦斯,['凡諦斯 Vintage']
1026,jacobs雅各布,['雅各布 JACOBS']
1027,snappy tom幸福貓,['幸福貓 Snappy TOM']
1028,allgood奧護佳,['ALLgood 奧護佳']
1029,success成功,['成功 SUCCESS']
1030,minties猛特斯,['猛特斯 MiNTiES']
1031,tait tea德記洋行,['德記洋行 TAIT TEA']
1032,claypathy珂莉帕妃,['CLAYPATHY 珂莉帕妃']
1033,moraz茉娜姿,"['茉娜姿', '茉娜姿 moraz']"
1034,isoi伊所愛,['isoi 伊所愛']
1035,toppuror泰浦樂,['泰浦樂 Toppuror']
1036,mos摩斯漢堡,['摩斯漢堡 MOS']
1037,uriage優麗雅,['Uriage 優麗雅']
1038,mutti慕堤,['慕堤 Mutti']
1039,aiwa愛華,"['愛華', '愛華 aiwa']"
1040,jergens婕可詩,['Jergens 婕可詩']
1041,ud優麗美人,['UD 優麗美人']
1042,zephyrine初時肌,['Zephyrine 初時肌']
1043,bubchen貝臣,['Bubchen 貝臣']
1044,dellware德萊維,['德萊維 Dellware']
1045,bonnie house植享家,"['植享家', 'Bonnie House 植享家']"
1046,global pets全球寵物,"['全球寵物', '全球寵物 GLOBAL PETS']"
1047,aroma of home香氛之家,['香氛之家 Aroma of Home']
1048,ezskin輕鬆美膚,['輕鬆美膚 ezskin']
1049,mother goose鵝媽媽,['鵝媽媽 Mother Goose']
1050,catz凱茲,['凱茲 Catz']
1051,party mix喜躍,['喜躍 Party Mix']
1052,organia歐格妮亞,['歐格妮亞 Organia']
1053,smooth詩夢絲,['詩夢絲 SMOOTH']
1054,dr.konopkas柯諾普卡,"['dr.konopka’s', 'DR.KONOPKAS 柯諾普卡', 'Dr.Konopka’s']"
1055,disney迪士尼,"['disney', 'Disney', '迪士尼 Disney']"
1056,hamilton beach漢美馳,['漢美馳 Hamilton Beach']
1057,giaretti珈樂堤,"['giaretti義大利', '義大利Giaretti', '珈樂堤 Giaretti']"
1058,kazi卡滋,['卡滋 KAZI']
1059,kiwi kitchens奇異廚房,['奇異廚房 Kiwi Kitchens']
1060,viewsonic優派,['優派 ViewSonic']
1061,content pets康沛特,['康沛特 Content Pets']
1062,s-etas惡靈戰警,['惡靈戰警 S-ETAS']
1063,o'keeffe's歐肌膚,"['o’keeffe’s歐肌膚', 'O’Keeffe’s 歐肌膚', ""O'Keeffe's 歐肌膚""]"
1064,hands@work@手護適,['Hands@work 手護適']
1065,meow喵~噢,['喵~噢 MEOW']
1066,pure heart純淨之心,['PURE HEART 純淨之心']
1067,luna曜越,"['luna', 'LUNA', '曜越 Luna']"
1068,una大森,['UNA 大森']
1069,grandma mae's梅亞奶奶,"[""梅亞奶奶 GRANDMA MAE'S""]"
1070,li-ning李寧,['李寧 LI-NING']
1071,lexking雷斯特,['雷斯特 Lexking']
1072,atopalm愛多康,['ATOPALM 愛多康']
1073,weruva唯美味,['唯美味 WERUVA']
1074,benecos蓓蓓珂娜,['Benecos 蓓蓓珂娜']
1075,youth幼獅,['幼獅 YOUTH']
1076,esense酷涼,['酷涼 Esense']
1077,saeve樹予,['saeve 樹予']
1078,polar普樂,['普樂 POLAR']
1079,sofnon詩芙儂,"['Sofnon 詩芙儂', '詩芙儂 Sofnon']"
1080,vernal唯娜露,['vernal 唯娜露']
1081,love more愛戀膜法,['LOVE MORE 愛戀膜法']
1082,dormindorcin朵蔓朵蓮,"['朵蔓朵蓮', '朵蔓朵蓮 Dormindorcin']"
1083,moussenature沐時光,['MOUSSENATURE 沐時光']
1084,starmark星記,['星記 STARMARK']
1085,personal care柏詩克萊,['Personal Care 柏詩克萊']
1086,boreal波瑞歐,['波瑞歐 BOREAL']
1087,wedderspoon麥蘆卡,['Wedderspoon麥蘆卡']
1088,organix歐奇斯,['歐奇斯 ORGANIX']
1089,ouwang歐王,['歐王 OUWANG']
1090,johnson喬山,['喬山 JOHNSON']
1091,absolute holistic超越巔峰,['超越巔峰 ABSOLUTE HOLISTIC']
1092,real nature瑞威,['瑞威 Real nature']
1093,wakodo和光堂,['和光堂 WAKODO']
1094,anbort安伯特,['安伯特 ANBORT']
1095,lavender cottage薰衣草森林,"['薰衣草森林', 'Lavender Cottage 薰衣草森林']"
1096,ushine farm御膳房,['御膳房 Ushine Farm']
1097,j home就是家,['就是家 J HOME']
1098,everose愛芙蓉,['愛芙蓉 EVEROSE']
1099,i gota愛購它,['愛購它 i gota']
1100,fresh馥蕾詩,['Fresh 馥蕾詩']
1101,knf康尼菲,['康尼菲 KNF']
1102,darlin妲己佳人,['Darlin 妲己佳人']
1103,ozio歐姬兒,['OZIO 歐姬兒']
1104,smate須眉,['須眉 SMATE']
1105,qteighteen朵米諾,['朵米諾 QTeighteen']
1106,olivos奧莉芙的橄欖,['OLIVOS奧莉芙的橄欖']
1107,dobi多比,['多比 DOBI']
1108,lothantique蘿丹緹,['LOTHANTIQUE 蘿丹緹']
1109,ingram's英格朗,"[""Ingram's 英格朗""]"
1110,lijay琍睫,['Lijay 琍睫']
1111,solid gold速利高,['速利高 SOLID GOLD']
1112,churacos俏樂斯,['俏樂斯 CHURACOS']
1113,fleurient芙樂莉,['Fleurient 芙樂莉']
1114,mloong曼龍,['曼龍 Mloong']
1115,nioxin儷康絲,['儷康絲 NIOXIN']
1116,dr.ci:labo城野醫生,['Dr.Ci:Labo 城野醫生']
1117,dr. organic丹霓珂,['Dr. organic 丹霓珂']
1118,dooby大眼蛙,['大眼蛙 DOOBY']
1119,u jelly優綺麗,['U Jelly 優綺麗']
1120,true tisane草本體驗,['TRUE TISANE 草本體驗']
1121,danby丹比,['丹比 DANBY']
1122,koizumi小泉成器,['小泉成器 KOIZUMI']
1123,trendsonic翰欣,['翰欣 TrendSonic']
1124,reise米膚,"['Reise米膚', '米膚 Reise']"
1125,sunkist香吉士,['香吉士 Sunkist']
1126,ecs精英,['精英 ECS']
1127,glysolid葛利德,['Glysolid 葛利德']
1128,befit星品牌,['星品牌 BEFIT']
1129,revivogen立髮健,['立髮健 REVIVOGEN']
1130,balmuda百慕達,['百慕達 BALMUDA']
1131,montech創世紀,['創世紀 Montech']
1132,natural fresh自然鮮,['自然鮮 NATURAL FRESH']
1133,yoplait優沛蕾,['優沛蕾 Yoplait']
1134,dr. aik艾克博士,"['艾克博士', '艾克博士 Dr. Aik']"
1135,mediplus美樂思,['Mediplus 美樂思']
1136,mikimoto御木本,['MIKIMOTO 御木本']
1137,cryorig快睿,['快睿 CRYORIG']
1138,laica萊卡,['萊卡 LAICA']
1139,petit小小,['小小 PETIT']
1140,wieden川越,['川越 WIEDEN']
1141,consensus康善秀,['康善秀Consensus']
1142,takashima高島,['高島TAKASHIMA']
1143,hawk浩客,['浩客 Hawk']
1144,carvin kolai卡汶克萊,"['卡汶克萊', 'CARVIN KOLAI 卡汶克萊']"
1145,more cafe默墨咖啡,['默墨咖啡 More Café']
1146,marutai博多,['MARUTAI博多']
1147,dr.harvey哈維博士,['哈維博士 Dr.Harvey']
1148,garnier卡尼爾,['GARNIeR 卡尼爾']
1149,kaiser威寶,"['威寶', '威寶 Kaiser']"
1150,karcher凱馳,['凱馳 KARCHER']
1151,sven's island詩帆島,"[""Sven's Island 詩帆島""]"
1152,enchanteur艾詩,"['艾詩', 'ENCHANTEUR 艾詩']"
1153,simply新普利,"['新普利', '新普利 Simply']"
1154,rilakkuma拉拉熊,['拉拉熊 Rilakkuma']
1155,basilic貝喜力,['貝喜力 Basilic']
1156,liberty利百代,"['利百代', '利百代 LIBERTY']"
1157,s’siwiss小瑞士花園,['S’SIWISS 小瑞士花園']
1158,proton普騰,['普騰 PROTON']
1159,cuccio古希歐,['CUCCIO 古希歐']
1160,revital莉薇特麗,"['revital', '莉薇特麗', 'Revital', 'Revital 莉薇特麗']"
1161,hola特力屋,"['hola', '特力屋', 'HOLA', '特力屋 HOLA']"
1162,log樂格,['樂格 LOG']
1163,nu4pet陪心寵糧,['陪心寵糧 NU4PET']
1164,tundra渴達,['渴達 TUNDRA']
1165,royal御皇居,"['御皇居', '御皇居 ROYAL']"
1166,best feline friend百貓喜,['百貓喜 Best Feline Friend']
1167,元山,"['元山牌', '元山']"
1168,姍拉娜,['姍拉娜']
1169,台鹽,"['臺鹽', '台塩', '台鹽']"
1170,舒潔,['舒潔']
1171,龜甲萬,['龜甲萬']
1172,真爽,['真爽']
1173,台酒,['台酒']
1174,味全,"['味全萬丹', '味全簡單點', '味全林鳳營', '林鳳營特濃優格', '林鳳營精品優格', '林鳳營簡單點優格', '味全']"
1175,刷樂,['刷樂']
1176,保力達,['保力達']
1177,萬家香,['萬家香']
1178,高露潔,['高露潔']
1179,泰安,['泰安']
1180,澡享,['澡享']
1181,白蘭氏,['白蘭氏']
1182,原萃,['原萃']
1183,雪坊,['雪坊']
1184,台啤,"['台灣啤酒', '台啤']"
1185,海倫仙度絲,['海倫仙度絲']
1186,和平,['和平']
1187,活力滋,['活力滋']
1188,葡萄王,['葡萄王']
1189,星之冠,['星之冠']
1190,桂冠,['桂冠']
1191,阿薩姆,['阿薩姆']
1192,德恩奈,['德恩奈']
1193,康乃馨,['康乃馨']
1194,草繹,['草繹']
1195,七星,['七星']
1196,伯朗,"['伯朗咖啡', '伯朗']"
1197,白鴿,['白鴿']
1198,東成,['東成']
1199,依必朗,['依必朗']
1200,多喝水,['多喝水']
1201,南僑,['南僑']
1202,愛爾曼,['愛爾曼']
1203,寶亨,['寶亨']
1204,聖佩黎洛,['聖佩黎洛']
1205,百威,['百威']
1206,佳士達,['佳士達']
1207,沙威隆,['沙威隆']
1208,來復易,['來復易']
1209,愛之味,['愛之味']
1210,馬爾斯,['馬爾斯']
1211,莎啦莎啦,['莎啦莎啦']
1212,雲斯頓,['雲斯頓']
1213,阿q桶麵,['阿Q桶麵']
1214,豆油伯,['豆油伯']
1215,花香5,['花香5']
1216,越南厚生,['越南厚生']
1217,味味一品,['味味一品']
1218,森田藥粧,['森田藥粧']
1219,人生製藥,['人生製藥']
1220,倍潔雅,['倍潔雅']
1221,大金,['大金']
1222,等等,['等等']
1223,萬達寬,['萬達寬']
1224,海尼根,['海尼根']
1225,賈以食日,['賈以食日']
1226,愛力根,['愛力根']
1227,湛盧,"['湛盧咖啡', '湛盧']"
1228,滿漢大餐,['滿漢大餐']
1229,純煉,['純煉']
1230,春風,['春風']
1231,黑人,"['黑人牙膏', '黑人']"
1232,岡本,['岡本']
1233,日落恩賜,['日落恩賜']
1234,農心,['農心']
1235,義美,['義美']
1236,寶僑,['寶僑']
1237,我的心機,['我的心機']
1238,頂好,['頂好']
1239,龍鳳,['龍鳳']
1240,奈森克林,['奈森克林']
1241,米家,['米家']
1242,紅印,['紅印']
1243,英泉,['英泉']
1244,康貝特,['康貝特']
1245,瑞春,['瑞春']
1246,高慶泉,['高慶泉']
1247,檜山坊,['檜山坊']
1248,來一客,['來一客']
1249,味丹,['味丹']
1250,美粒果,['美粒果']
1251,勁威,['勁威']
1252,好自在,['好自在']
1253,賀壽,['賀壽']
1254,得意,['得意']
1255,蘋果西打,['蘋果西打']
1256,美琪,['美琪']
1257,舒酸定,['舒酸定']
1258,益喜氏,['益喜氏']
1259,金絲頓,['金絲頓']
1260,寶馬,['寶馬']
1261,馬玉山,['馬玉山']
1262,天地合補,['天地合補']
1263,立得清,['立得清']
1264,汪喵星球,['汪喵星球']
1265,老媽拌麵,['老媽拌麵']
1266,舒跑,['舒跑']
1267,恩能康見,['恩能康見']
1268,莊頭北,['莊頭北']
1269,柔軟熊,['柔軟熊']
1270,純喫茶,['純喫茶']
1271,寶路,['寶路']
1272,泰山,['泰山']
1273,大甲乾麵,['大甲乾麵']
1274,我的健康日記,['我的健康日記']
1275,尊爵,['尊爵']
1276,達新牌,['達新牌']
1277,優仕曼,['優仕曼']
1278,哄寶貝,['哄寶貝']
1279,博士美,['博士美']
1280,妙管家,['妙管家']
1281,西湖市場,['西湖市場']
1282,蒸鮮之味,['蒸鮮之味']
1283,大衛杜夫,['大衛杜夫']
1284,旺得福,['旺得福']
1285,美島水肌,['美島水肌']
1286,樂邁,['樂邁']
1287,韓國不倒翁,['韓國不倒翁']
1288,愛爾康,['愛爾康']
1289,家樂福,['家樂福']
1290,金蘭,['金蘭']
1291,赫而司,['赫而司']
1292,新生,['新生']
1293,丸金,['丸金']
1294,尚朋堂,['尚朋堂']
1295,大正,['大正']
1296,唯潔雅,['唯潔雅']
1297,永信藥品,['永信藥品']
1298,茶裏王,['茶裏王']
1299,福樂,"['福樂鮮攪', '福樂一番鮮', '福樂自然零', '福樂頂級優酪', '福樂低脂優酪', '自然零', '福樂']"
1300,千拌麵,['千拌麵']
1301,清淨海,['清淨海']
1302,培恩,['培恩']
1303,雪山,['雪山']
1304,濱田,['濱田']
1305,史邁爾,['史邁爾']
1306,雲南白藥,['雲南白藥']
1307,曾拌麵,['曾拌麵']
1308,御茶園,['御茶園']
1309,維力炸醬麵,['維力炸醬麵']
1310,脫普,['脫普']
1311,麥迪森,['麥迪森']
1312,冰火,['冰火']
1313,倫敦登喜路,['倫敦登喜路']
1314,台鹽生技,['台鹽生技']
1315,芙夏妮,['芙夏妮']
1316,蘇菲,['蘇菲']
1317,爵戀,['爵戀']
1318,大補帖,['大補帖']
1319,大家源,['大家源']
1320,麵大師,['麵大師']
1321,白帥帥,['白帥帥']
1322,台熱牌,['台熱牌']
1323,卡夫亨氏,['卡夫亨氏']
1324,五月花,['五月花']
1325,李錦記,['李錦記']
1326,日本石鹸,['日本石鹸']
1327,諾得,['諾得']
1328,小獅王,"['小獅王辛巴', '小獅王']"
1329,拜維佳,['拜維佳']
1330,嚕啦啦,['嚕啦啦']
1331,麥香,['麥香']
1332,高地卡尼,['高地卡尼']
1333,維力原祖,['維力原祖']
1334,沈杯杯,['沈杯杯']
1335,索樂生活,['索樂生活']
1336,喜樂之泉,['喜樂之泉']
1337,依洛嘉,['依洛嘉']
1338,立頓,['立頓']
1339,加倍潔,['加倍潔']
1340,日虹,"['日虹牌', '日虹']"
1341,馬修嚴選,['馬修嚴選']
1342,古寶,"['古寶無患子', '古寶']"
1343,萊萃美,['萊萃美']
1344,長壽,['長壽']
1345,卜蜂,['卜蜂']
1346,香山,['香山']
1347,好立善,['好立善']
1348,山森,['山森']
1349,邁士,['邁士']
1350,鷹記維他,['鷹記維他']
1351,白人,['白人']
1352,優活,['優活']
1353,冷泡茶,['冷泡茶']
1354,味王,"['味王麵', '味王']"
1355,落建,['落建']
1356,萬寶路,['萬寶路']
1357,芊柔,['芊柔']
1358,四葉,['四葉']
1359,隨緣,['隨緣']
1360,橘子工坊,['橘子工坊']
1361,靠得住,['靠得住']
1362,淬釀,['淬釀']
1363,愛可妮,['愛可妮']
1364,享溫馨,['享溫馨']
1365,阿舍食堂,['阿舍食堂']
1366,健康廚房,['健康廚房']
1367,相模,['相模']
1368,數位,['數位']
1369,熊野,['熊野']
1370,飲冰室茶集,['飲冰室茶集']
1371,安安,"['小安安', '安安']"
1372,雷雪,['雷雪']
1373,一匙靈,['一匙靈']
1374,輕鬆小品,['輕鬆小品']
1375,高大鮮乳,['高大鮮乳']
1376,大乾麵,['大乾麵']
1377,丸莊,['丸莊']
1378,風騰,['風騰']
1379,采媚,['采媚']
1380,小綠人,['小綠人']
1381,新樂園,['新樂園']
1382,禾護,['禾護']
1383,大潤發,['大潤發']
1384,華佗,"['華陀', '華佗']"
1385,木槿花,['木槿花']
1386,極淨,['極淨']
1387,安田,['安田']
1388,御天犬,['御天犬']
1389,皇貓,['皇貓']
1390,統欣生技,"['統欣生物科技', '統欣生技']"
1391,開喜,['開喜']
1392,享食尚,['享食尚']
1393,美則,['美則']
1394,東泉,['東泉']
1395,信東生技,['信東生技']
1396,膜力美肌,['膜力美肌']
1397,老協珍,['老協珍']
1398,比菲多,"['比菲多質立', '比菲多優意思', '比菲多乳之初', '比菲多']"
1399,波爾,['波爾']
1400,美吾髮,['美吾髮']
1401,三記,['三記']
1402,費拉拉,['費拉拉']
1403,諾寶,['諾寶']
1404,維他麥,['維他麥']
1405,寶貝妮,['寶貝妮']
1406,拌天下,['拌天下']
1407,蓓比適,['蓓比適']
1408,午后時光,['午后時光']
1409,亞莉佳,['亞莉佳']
1410,日本獅王,"['lion kirei-kirei日本獅王趣淨', 'LION Kirei-kirei 日本獅王趣淨', '日本獅王']"
1411,金色三麥,['金色三麥']
1412,濃韻,['濃韻']
1413,晨捷,['晨捷']
1414,博士巧思,['博士巧思']
1415,牛乳石鹼,['牛乳石鹼']
1416,拉麵道,['拉麵道']
1417,新格,['新格']
1418,野獸叢林,['野獸叢林']
1419,金車柏克金,['金車柏克金']
1420,古道,['古道']
1421,松本清,['松本清']
1422,巴洛亞,['巴洛亞']
1423,鮮一杯,['鮮一杯']
1424,嘉士伯,['嘉士伯']
1425,台農,"['台農崙背', '台農燕巢', '台農鮮乳廠', '農會牌', '台農']"
1426,齒妍堂,['齒妍堂']
1427,遊遍天下,['遊遍天下']
1428,可果美,['可果美']
1429,完美安可,['完美安可']
1430,喜又美,['喜又美']
1431,孝親,['孝親']
1432,京城之霜,['京城之霜']
1433,七喜,['七喜']
1434,淺利佐助商店,['淺利佐助商店']
1435,全健護,['全健護']
1436,滿意寶寶,['滿意寶寶']
1437,海之鮇,['海之鮇']
1438,德拉美,['德拉美']
1439,愛生活,['愛生活']
1440,紅米,['紅米']
1441,優先順,['優先順']
1442,牛爾,['牛爾']
1443,工研,['工研']
1444,皇雀咖啡,['皇雀咖啡']
1445,快潔適,['快潔適']
1446,吶一口,['吶一口']
1447,蕾妮亞,['蕾妮亞']
1448,橘平屋,['橘平屋']
1449,科沃斯,['科沃斯']
1450,喜多,['喜多']
1451,雙響泡,['雙響泡']
1452,滴露,['滴露']
1453,蓓爾麗,['蓓爾麗']
1454,素飄香,['素飄香']
1455,悅氏茶品,"['悅氏', '悅氏茶品']"
1456,達摩本草,['達摩本草']
1457,木村,['木村']
1458,志斌,['志斌']
1459,克補,['克補']
1460,惠騰,['惠騰']
1461,御鼎興,['御鼎興']
1462,威瑪舒培,['威瑪舒培']
1463,克菲爾,['克菲爾']
1464,黑龍,['黑龍']
1465,娘家,['娘家']
1466,日本味王,['日本味王']
1467,愛喜,['愛喜']
1468,金美克能,['金美克能']
1469,天文,['天文']
1470,包大人,['包大人']
1471,原燒貓罐,['原燒貓罐']
1472,紅茶花伝,['紅茶花伝']
1473,味味麵,['味味麵']
1474,善存,['善存']
1475,歐樂芬,['歐樂芬']
1476,必盛氏,['必盛氏']
1477,太和殿,['太和殿']
1478,天使娜拉,['天使娜拉']
1479,艾維特,['艾維特']
1480,茉莉茶園,['茉莉茶園']
1481,摩斯,['摩斯']
1482,微舒打,['微舒打']
1483,露得清,['露得清']
1484,慢熟,['慢熟']
1485,存元堂,['存元堂']
1486,屏大,['屏大']
1487,御膳食堂,['御膳食堂']
1488,康是美,"['康是美自有品牌', '康是美']"
1489,小夫妻拌麵,['小夫妻拌麵']
1490,愛買,['愛買']
1491,健安喜,['健安喜']
1492,日本三洋,['日本三洋']
1493,王牌,['王牌']
1494,安雅,['安雅']
1495,植物的優,['植物的優']
1496,屏東監獄,['屏東監獄']
1497,添寧,['添寧']
1498,優級首選加州鮮乳,['優級首選加州鮮乳']
1499,烤一百,['烤一百']
1500,西北,['西北']
1501,年方十八,['年方十八']
1502,白博士,['白博士']
1503,無塵氏,['無塵氏']
1504,華陀扶元堂,['華陀扶元堂']
1505,卡旺,['卡旺']
1506,益妍莓后,['益妍莓后']
1507,新生活純鮮乳品,['新生活純鮮乳品']
1508,愛力,['愛力']
1509,獅子寶寶,['獅子寶寶']
1510,日田天領水,['日田天領水']
1511,優佳麗,['優佳麗']
1512,原木香,['原木香']
1513,海昌,['海昌']
1514,統一,"['統一陽光', '統一瑞穗', '統一蜜豆奶', '統一水果牛乳', '統一瑞穗極制', 'ab統一', 'lp33統一', 'petlife統一寶多福', 'dr.milker統一', '統一AB', '統一LP33', '統一', '統一寶多福 Petlife', '統一Dr.Milker', '統一 AB']"
1515,絲花,['絲花']
1516,正康,['正康']
1517,黑船長,['黑船長']
1518,舒益優,['舒益優']
1519,韓味不二,['韓味不二']
1520,埔里,['埔里']
1521,楓康,['楓康']
1522,食芋堂,['食芋堂']
1523,雲谷,['雲谷']
1524,詩丹雅蘭,['詩丹雅蘭']
1525,庵古坑,['庵古坑']
1526,多哥,['多哥']
1527,多立康,['多立康']
1528,黑惡魔,['黑惡魔']
1529,可爾必思,['可爾必思']
1530,網狐家居,['網狐家居']
1531,萃樂口,['萃樂口']
1532,因特力淨,['因特力淨']
1533,波斯優格,['波斯優格']
1534,雷峰,['雷峰']
1535,威仕,['威仕']
1536,雞老大,['雞老大']
1537,美味關係,['美味關係']
1538,韓廚,['韓廚']
1539,森潤,['森潤']
1540,玩美日記,['玩美日記']
1541,優兒康,['優兒康']
1542,友情牌,['友情牌']
1543,寶島,['寶島']
1544,台灣清香號,['台灣清香號']
1545,喜特麗,['喜特麗']
1546,金龍,['金龍']
1547,倍爾康,['倍爾康']
1548,栢歐康,['栢歐康']
1549,水事紀,['水事紀']
1550,九華山,['九華山']
1551,寶酒造,['寶酒造']
1552,金岡,['金岡']
1553,維斯塔,['維斯塔']
1554,建銓,['建銓']
1555,11益生菌,['11益生菌']
1556,正官庄,['正官庄']
1557,泡樂,['泡樂']
1558,松山油脂,['松山油脂']
1559,吉蒸,['吉蒸']
1560,養樂多,['養樂多']
1561,大丈夫,['大丈夫']
1562,叡頌,['叡頌']
1563,京紅,['京紅']
1564,寧記,['寧記']
1565,阿華田,['阿華田']
1566,耕心田,['耕心田']
1567,歐力婕,['歐力婕']
1568,真柑淨,['真柑淨']
1569,農純鄉,['農純鄉']
1570,檸檬堂,['檸檬堂']
1571,活沛多,['活沛多']
1572,一風堂,['一風堂']
1573,明治,['明治']
1574,酷椰嶼,['酷椰嶼']
1575,大隱珈琲,['大隱珈琲']
1576,鉑潤肌,['鉑潤肌']
1577,詹麵,['詹麵']
1578,妍美会,['妍美会']
1579,深夜食堂,['深夜食堂']
1580,中一電工,['中一電工']
1581,愛爾,['愛爾']
1582,雪比,['雪比']
1583,知覺,['知覺']
1584,卡薩咖啡,['卡薩咖啡']
1585,敏亦樂,['敏亦樂']
1586,富統,['富統']
1587,台畜,['台畜']
1588,樂活,['樂活']
1589,長髮公主的秘密,['長髮公主的秘密']
1590,豐新鮮,['豐新鮮']
1591,百齡,['百齡']
1592,卡樂芙,['卡樂芙']
1593,雅方,['雅方']
1594,優芮珂絲,['優芮珂絲']
1595,不二珍套,['不二珍套']
1596,御姬賞,['御姬賞']
1597,大研,"['大研生醫', '大研']"
1598,金饌,['金饌']
1599,紅薑黃先生,['紅薑黃先生']
1600,織眠家族,['織眠家族']
1601,大醇豆,['大醇豆']
1602,科帥,['科帥']
1603,極淨適,['極淨適']
1604,南門魚丸,['南門魚丸']
1605,享味食光,['享味食光']
1606,金蜜蜂,['金蜜蜂']
1607,和田順,['和田順']
1608,維他盒子,['維他盒子']
1609,上田,['上田']
1610,貝利達,['貝利達']
1611,海滴,['海滴']
1612,義美生醫,['義美生醫']
1613,健身大師,['健身大師']
1614,美樂,['美樂']
1615,龍宏,['龍宏']
1616,雪肌精,['雪肌精']
1617,臺虎,['臺虎']
1618,健而婷,['健而婷']
1619,小魚嚴選,['小魚嚴選']
1620,台灣農林,['台灣農林']
1621,燒肉工房,['燒肉工房']
1622,絲易康,['絲易康']
1623,名屋,['名屋']
1624,台灣好漁,['台灣好漁']
1625,仁和園,['仁和園']
1626,安親,['安親']
1627,名仕,['名仕']
1628,農會,"['西螺農會', '員山農會', '羅東農會', '古坑鄉農會', '台中市農會', '南投國姓農會', '農會']"
1629,森林物語,['森林物語']
1630,健力士,['健力士']
1631,優品,['優品']
1632,福忠字號,['福忠字號']
1633,龍泉,['龍泉']
1634,高山小濃,['高山小濃']
1635,統一生機,['統一生機']
1636,酵速工坊,['酵速工坊']
1637,揚子,['揚子']
1638,超級香,['超級香']
1639,喀爾巴阡,['喀爾巴阡']
1640,蕾莉歐,"[""l'erbolario蕾莉歐"", 'l’erbolario蕾莉歐', ""L'ERBOLARIO 蕾莉歐"", '蕾莉歐', '蕾莉歐 L’ERBOLARIO']"
1641,雅雪舒,['雅雪舒']
1642,唯可,['唯可']
1643,正負零,"['正負零±0', '正負零']"
1644,優倍多,['優倍多']
1645,雲米,['雲米']
1646,蔚特尼思,['蔚特尼思']
1647,船井生醫,['船井生醫']
1648,億長御坊,['億長御坊']
1649,麒麟,['麒麟']
1650,維康,['維康']
1651,奇檬子,['奇檬子']
1652,高地之泉,['高地之泉']
1653,藏鮮,['藏鮮']
1654,小兒利撒爾,['小兒利撒爾']
1655,星宇航空,['星宇航空']
1656,宇治園,['宇治園']
1657,北海道函館3.7鮮乳,['北海道函館3.7鮮乳']
1658,易洗樂,['易洗樂']
1659,果物配,['果物配']
1660,多納,['多納']
1661,海吉尼斯,['海吉尼斯']
1662,生活工場,['生活工場']
1663,天霖純水,['天霖純水']
1664,安加適,['安加適']
1665,麻膳堂,['麻膳堂']
1666,康萃,['康萃']
1667,葉璐芝,['葉璐芝']
1668,優效紡,['優效紡']
1669,義皇寶,['義皇寶']
1670,柏尹芙,['柏尹芙']
1671,第一石鹼,['第一石鹼']
1672,猛將,['猛將']
1673,大食客,['大食客']
1674,樂米亞,['樂米亞']
1675,嵐閣,['嵐閣']
1676,威客維,['威客維']
1677,威金森,['威金森']
1678,麥維爾,['麥維爾']
1679,浪漫花語,['浪漫花語']
1680,衣桔棒,['衣桔棒']
1681,北日本,['北日本']
1682,36法郎,['36法郎']
1683,柳宗理,['柳宗理']
1684,名山牌,['名山牌']
1685,小分子,['小分子']
1686,常春樂活,['常春樂活']
1687,淨毒五郎,['淨毒五郎']
1688,茶之初,['茶之初']
1689,璞珞,['璞珞']
1690,科德司,['科德司']
1691,新味,['新味']
1692,鐵齒,['鐵齒']
1693,辣椒先生,['辣椒先生']
1694,金鹿,['金鹿']
1695,歐萊德,"['o’right歐萊德', 'oright歐萊德', '歐萊德 Oright', '歐萊德', ""o'right歐萊德""]"
1696,植妍房,['植妍房']
1697,寶多福,['寶多福']
1698,正牛,['正牛']
1699,良將,['良將']
1700,碧而優,['碧而優']
1701,稻屋生機,['稻屋生機']
1702,國農,['國農']
1703,蓮發,['蓮發']
1704,御膳坊,['御膳坊']
1705,新豆族,['新豆族']
1706,厝味,['厝味']
1707,謙謙創藝,['謙謙創藝']
1708,維力媽媽麵,['維力媽媽麵']
1709,情人娃娃,['情人娃娃']
1710,鴻嘉源,['鴻嘉源']
1711,羊舍,['羊舍']
1712,百翠氏,['百翠氏']
1713,蓓芙妮,['蓓芙妮']
1714,原辰,['原辰']
1715,萊克蒂,['萊克蒂']
1716,稻田齒,['稻田齒']
1717,台鳳,['台鳳']
1718,綠農,['綠農']
1719,鬼洗,['鬼洗']
1720,台灣伊日,['台灣伊日']
1721,健康力,['健康力']
1722,憶霖,['憶霖']
1723,礦翠,['礦翠']
1724,靠茶,['靠茶']
1725,營養師輕食,['營養師輕食']
1726,朵舒,['朵舒']
1727,林內,"['林內牌', '林內']"
1728,味榮,['味榮']
1729,旺寶,['旺寶']
1730,雙飛燕,['雙飛燕']
1731,戀戀情人,['戀戀情人']
1732,阿娟,['阿娟']
1733,虎屋,['虎屋']
1734,金安心,['金安心']
1735,醇養妍,['醇養妍']
1736,江鳥咖啡,['江鳥咖啡']
1737,滴牌,['滴牌']
1738,屏科大,['屏科大']
1739,新花漾,['新花漾']
1740,桔植坊,['桔植坊']
1741,鴻參,['鴻參']
1742,風格,['風格']
1743,麗白,['麗白']
1744,顧可飛,['顧可飛']
1745,宏醫生技,['宏醫生技']
1746,睫老闆,['睫老闆']
1747,茶尋味,['茶尋味']
1748,箭牌馬,['箭牌馬']
1749,凱飛,['凱飛']
1750,廣吉,['廣吉']
1751,李施德霖,['李施德霖']
1752,澤井咖啡,"['澤井', '澤井咖啡']"
1753,康澤,['康澤']
1754,珊諾,['珊諾']
1755,一來順,['一來順']
1756,啡茶時刻,['啡茶時刻']
1757,諾資,['諾資']
1758,全效,['全效']
1759,寶仕,['寶仕']
1760,千山淨水,['千山淨水']
1761,雙豪,['雙豪']
1762,雅保,['雅保']
1763,國騰,['國騰']
1764,小文輕,['小文輕']
1765,髮旺旺,['髮旺旺']
1766,龍馬,['龍馬']
1767,麗汝齒,['麗汝齒']
1768,藏咖啡,['藏咖啡']
1769,永信牌,['永信牌']
1770,雅聞倍優,['雅聞倍優']
1771,生活良好,['生活良好']
1772,自然主義,['自然主義']
1773,超視王,['超視王']
1774,寵物夥伴,['寵物夥伴']
1775,山元,['山元']
1776,彎彎寶貝,['彎彎寶貝']
1777,悠康,['悠康']
1778,初鹿,"['初鹿牧場', '初鹿鮮乳', '台東初鹿', '初鹿']"
1779,醫敏家,['醫敏家']
1780,佐藤,['佐藤']
1781,齒磨撫子,['齒磨撫子']
1782,緹朗,['緹朗']
1783,大醫生技,['大醫生技']
1784,樂嫚妮,['樂嫚妮']
1785,凱特鮮廚,['凱特鮮廚']
1786,齋藤咖啡店,['齋藤咖啡店']
1787,田記,['田記']
1788,一滴淨,['一滴淨']
1789,豬跳舞,['豬跳舞']
1790,晶亮醇,['晶亮醇']
1791,勳風,['勳風']
1792,維士比,['維士比']
1793,逸湘齋,['逸湘齋']
1794,燒鳥一番,['燒鳥一番']
1795,必賜力,['必賜力']
1796,維珍妮,['維珍妮']
1797,炫艷,['炫艷']
1798,田原香,['田原香']
1799,孕哺兒,['孕哺兒']
1800,健美生,['健美生']
1801,婕樂纖,['婕樂纖']
1802,麗雅雪尼爾,['麗雅雪尼爾']
1803,福汎,['福汎']
1804,天天,['天天']
1805,紐約肯尼,['紐約肯尼']
1806,溫士頓,['溫士頓']
1807,新奇,['新奇']
1808,愛情貴族,['愛情貴族']
1809,戴維爵士,['戴維爵士']
1810,福華牌,['福華牌']
1811,西螺大同,['西螺大同']
1812,台塑生醫,"['台塑生醫 醫之方', '醫之方', 'dr’s formula台塑生醫', 'forte台塑生醫', ""dr's formula台塑生醫"", '台塑生醫 Dr’s Formula', '台塑生醫FORTE', ""Dr's Formula 台塑生醫"", ""台塑生醫Dr's Formula"", '台塑生醫']"
1813,一品夫人,['一品夫人']
1814,晶鈺,['晶鈺']
1815,喜滿屋,['喜滿屋']
1816,美麗紀事,['美麗紀事']
1817,中深焙,['中深焙']
1818,菇王,"['菇王食品', '菇王']"
1819,廚膳師,['廚膳師']
1820,沐潤,['沐潤']
1821,樂亦康,['樂亦康']
1822,樂趣,['樂趣']
1823,川西,['川西']
1824,西妍院,['西妍院']
1825,咖啡綠商號,['咖啡綠商號']
1826,自然派,['自然派']
1827,美聯社,['美聯社']
1828,紅豆食府,['紅豆食府']
1829,大醬,['大醬']
1830,金車補給園,['金車補給園']
1831,芙蘿娜,['芙蘿娜']
1832,舒澡,['舒澡']
1833,戀戀,['戀戀']
1834,牧實,['牧實']
1835,潔倍,['潔倍']
1836,靖,['靖']
1837,維大力,['維大力']
1838,桃潤肌,['桃潤肌']
1839,鮮烘咖啡工作室,['鮮烘咖啡工作室']
1840,參天,['參天']
1841,賈羅公式,['賈羅公式']
1842,素天堂,['素天堂']
1843,山形,['山形']
1844,安爽,['安爽']
1845,咖啡廣場,['咖啡廣場']
1846,南王,['南王']
1847,杏輝醫藥,['杏輝醫藥']
1848,柑橘王子,['柑橘王子']
1849,詩柔,['詩柔']
1850,紅布朗,['紅布朗']
1851,利護樂,['利護樂']
1852,利捷維,['利捷維']
1853,小廚師,['小廚師']
1854,勁小子,['勁小子']
1855,茱莉蔻,['茱莉蔻']
1856,夏士蓮,['夏士蓮']
1857,優活力,['優活力']
1858,13章,['13章']
1859,日虎,['日虎']
1860,盛田,['盛田']
1861,菊正宗,['菊正宗']
1862,世界紀行,['世界紀行']
1863,普登,['普登']
1864,源珍,['源珍']
1865,50惠,['50惠']
1866,咖啡工廠,['咖啡工廠']
1867,超海派,['超海派']
1868,古吉,['古吉']
1869,喵皇奴,['喵皇奴']
1870,勤億,['勤億']
1871,北大武,['北大武']
1872,健康曙光,['健康曙光']
1873,明宜,['明宜']
1874,金車,['金車']
1875,王朝,['王朝']
1876,奇異,['奇異']
1877,富華,['富華']
1878,頤珍,['頤珍']
1879,好一頓,['好一頓']
1880,真愛,['真愛']
1881,大王,['大王']
1882,大芳,['大芳']
1883,普潔,['普潔']
1884,曼仕德,['曼仕德']
1885,天目雷,['天目雷']
1886,美味小舖,['美味小舖']
1887,21世紀,['21世紀']
1888,日喬恩,['日喬恩']
1889,大本山,['大本山']
1890,火忍者,['火忍者']
1891,高橋,['高橋']
1892,生力啤,['生力啤']
1893,卡娜赫拉的小動物,['卡娜赫拉的小動物']
1894,島乃香,['島乃香']
1895,佳龍,['佳龍']
1896,京都小川,['京都小川']
1897,必勝,['必勝']
1898,綾鷹,['綾鷹']
1899,姍莎菈,['姍莎菈']
1900,寶益兒,['寶益兒']
1901,味滋康,['味滋康']
1902,活力廚坊,"['活力廚房', '活力廚坊']"
1903,永豐餘,['永豐餘']
1904,旺旺集團,['旺旺集團']
1905,立可樂,['立可樂']
1906,黃正宜,['黃正宜']
1907,赫里萊比,['赫里萊比']
1908,眷戀,['眷戀']
1909,海瑞,['海瑞']
1910,特樂舒,['特樂舒']
1911,女皇咖啡,['女皇咖啡']
1912,國太樓,['國太樓']
1913,惠健,['惠健']
1914,汪事如意,['汪事如意']
1915,麗美盛,['麗美盛']
1916,濱川佐櫻,['濱川佐櫻']
1917,柏森牌,['柏森牌']
1918,歷峰集團,['歷峰集團']
1919,特惠牌,['特惠牌']
1920,卡碧絲,['卡碧絲']
1921,椒井,['椒井']
1922,賀眾牌,['賀眾牌']
1923,閃彩,['閃彩']
1924,其實豆製所,['其實豆製所']
1925,欣目益福,['欣目益福']
1926,臥龍咖啡工作室,['臥龍咖啡工作室']
1927,日濢,['日濢']
1928,歐仕派,['歐仕派']
1929,毛孩王,['毛孩王']
1930,小潔革命,['小潔革命']
1931,髮朵,['髮朵']
1932,鬼女神,['鬼女神']
1933,潔牙一番,['潔牙一番']
1934,丸秀,['丸秀']
1935,太星電工,['太星電工']
1936,瓦城,['瓦城']
1937,輝葉,['輝葉']
1938,瑰柏翠,"['crabtree&evelyn瑰柏翠', 'crabtree瑰柏翠', 'Crabtree＆Evelyn 瑰柏翠', 'CRABTREE 瑰柏翠', '瑰柏翠']"
1939,酷之泉,['酷之泉']
1940,東凌,['東凌']
1941,愛喵零食,['愛喵零食']
1942,吉尼寶貝,['吉尼寶貝']
1943,台塑,['台塑']
1944,朝日田野,['朝日田野']
1945,良爽,['良爽']
1946,清淨園,['清淨園']
1947,菲力家族,['菲力家族']
1948,皇鼎,['皇鼎']
1949,桃屋,['桃屋']
1950,生育家,['生育家']
1951,亮潔,['亮潔']
1952,每朝,"['每朝健康', '每朝']"
1953,愛引力,['愛引力']
1954,雙星牌,['雙星牌']
1955,古德狗,['古德狗']
1956,富士,['富士']
1957,格林全,['格林全']
1958,品皇,['品皇']
1959,統洋,['統洋']
1960,詩沛格蘭,['詩沛格蘭']
1961,得意人生,['得意人生']
1962,古酵寶,['古酵寶']
1963,449乾麵舖,['449乾麵舖']
1964,新東陽,['新東陽']
1965,菲那絲,['菲那絲']
1966,大西洋,['大西洋']
1967,植淨美,['植淨美']
1968,福松,['福松']
1969,甘味人生,['甘味人生']
1970,斯斯,['斯斯']
1971,鮮一番,['鮮一番']
1972,蒸健康,['蒸健康']
1973,饅自然,['饅自然']
1974,草本24,['草本24']
1975,柳營牧場,['柳營牧場']
1976,優豆君,['優豆君']
1977,然植萃,['然植萃']
1978,力度伸,['力度伸']
1979,健康快遞,['健康快遞']
1980,樂伊妥,['樂伊妥']
1981,紅牛,"['red cow紅牛', '紅牛 RED COW', '紅牛']"
1982,飛牛牧場,['飛牛牧場']
1983,金寶,['金寶']
1984,愛瑞雅,['愛瑞雅']
1985,安慕希,['安慕希']
1986,荷麗美加,['荷麗美加']
1987,富兔康,['富兔康']
1988,薇達,['薇達']
1989,片岡,['片岡']
1990,善得,['善得']
1991,一引,['一引']
1992,巴馬,['巴馬']
1993,加拿大國寶,['加拿大國寶']
1994,旺滴,['旺滴']
1995,巧多,['巧多']
1996,優力巾,['優力巾']
1997,美神契約,['美神契約']
1998,米徠,['米徠']
1999,寺岡家,['寺岡家']
2000,日青,['日青']
2001,呈禾康,['呈禾康']
2002,華冠,['華冠']
2003,小七泡泡,['小七泡泡']
2004,芙樂思,['芙樂思']
2005,潘海利根,['潘海利根']
2006,福記,['福記']
2007,元氣,['元氣']
2008,清銀露,['清銀露']
2009,丸進,['丸進']
2010,小牧好好,['小牧好好']
2011,梨奧美,['梨奧美']
2012,麗美,['麗美']
2013,傳貴,['傳貴']
2014,健喬信元,['健喬信元']
2015,義大利金杯咖啡,['義大利金杯咖啡']
2016,理研,['理研']
2017,探險者,['探險者']
2018,中華豪井,['中華豪井']
2019,金展輝,['金展輝']
2020,好日子,['好日子']
2021,鼎新,['鼎新']
2022,米物,['米物']
2023,氧視加,['氧視加']
2024,愛迪生,['愛迪生']
2025,芭弗莎林,['芭弗莎林']
2026,臻愛,['臻愛']
2027,狐狸村,['狐狸村']
2028,尚美德,['尚美德']
2029,犬力食足,['犬力食足']
2030,熊愛咖啡,['熊愛咖啡']
2031,北海道日高乳業,['北海道日高乳業']
2032,中祥麵,['中祥麵']
2033,芙玉寶,['芙玉寶']
2034,健康物語,['健康物語']
2035,上海灘阿杜,['上海灘阿杜']
2036,活力,['活力']
2037,立菱尹,['立菱尹']
2038,德記,['德記']
2039,吉妮斯,['吉妮斯']
2040,木酢達人,['木酢達人']
2041,八甲田,['八甲田']
2042,阿里山,['阿里山']
2043,左岸,['左岸']
2044,李記,['李記']
2045,鵑城牌,['鵑城牌']
2046,臻豆坊,['臻豆坊']
2047,寶貝餌子,['寶貝餌子']
2048,元歲,['元歲']
2049,比依,['比依']
2050,男人香,['男人香']
2051,川雲,['川雲']
2052,百年薔薇,['百年薔薇']
2053,大昌,['大昌']
2054,地中海,['地中海']
2055,豪山,['豪山']
2056,誠泰,['誠泰']
2057,益瑞昇,['益瑞昇']
2058,森萊富,['森萊富']
2059,威靈頓,['威靈頓']
2060,永新牌,['永新牌']
2061,鮮剖,['鮮剖']
2062,蒂克,['蒂克']
2063,元進莊,['元進莊']
2064,三鷹,['三鷹']
2065,鋒味,['鋒味']
2066,麗莎,['麗莎']
2067,愛美力,['愛美力']
2068,悅拭美,['悅拭美']
2069,大師兄銷魂麵舖,['大師兄銷魂麵舖']
2070,熊寶寶,['熊寶寶']
2071,源美,['源美']
2072,西華,['西華']
2073,亞尼活力,['亞尼活力']
2074,戴春林,['戴春林']
2075,愛司盟,['愛司盟']
2076,水森活,['水森活']
2077,明星,['明星']
2078,火霹靂,['火霹靂']
2079,台麗,['台麗']
2080,富山,['富山']
2081,遠東生技,['遠東生技']
2082,康迪斯,['康迪斯']
2083,包寧安,['包寧安']
2084,台海生技,['台海生技']
2085,雅如詩,['雅如詩']
2086,六甲田莊,['六甲田莊']
2087,宏福牌,['宏福牌']
2088,微美咖啡,['微美咖啡']
2089,愛戀咖啡,['愛戀咖啡']
2090,優你可,['優你可']
2091,百樂潔,['百樂潔']
2092,歡樂派,['歡樂派']
2093,伯爵,['伯爵']
2094,益豆之優,['益豆之優']
2095,湯姆盛,['湯姆盛']
2096,北海道大雪山,['北海道大雪山']
2097,北的快適工房,['北的快適工房']
2098,海饌,['海饌']
2099,小太陽,['小太陽']
2100,民生,['民生']
2101,頂燒,['頂燒']
2102,信東,['信東']
2103,別海,['別海']
2104,愛康,['愛康']
2105,德瑪愛,['德瑪愛']
2106,髮蔓濃,['髮蔓濃']
2107,大嚐津,['大嚐津']
2108,睛亮,['睛亮']
2109,歐米豆,['歐米豆']
2110,六合,['六合']
2111,莫札特,['莫札特']
2112,樂家咖啡,['樂家咖啡']
2113,南亞牌,['南亞牌']
2114,優護,['優護']
2115,艾特優,['艾特優']
2116,船山舒雞,['船山舒雞']
2117,植英房,['植英房']
2118,明全牧場,['明全牧場']
2119,東森耐斯,['東森耐斯']
2120,狀元,['狀元']
2121,史努比,['史努比']
2122,再再之在,['再再之在']
2123,莊淑旂養生莊園,['莊淑旂養生莊園']
2124,真鍋,['真鍋']
2125,和田寬,['和田寬']
2126,必安住,['必安住']
2127,武山,['武山']
2128,天然磨坊,['天然磨坊']
2129,非寵不可,['非寵不可']
2130,沐可麗,['沐可麗']
2131,山豬園,['山豬園']
2132,好朋友,['好朋友']
2133,路易莎,['路易莎']
2134,白象,['白象']
2135,丸山,['丸山']
2136,陸丁博士,['陸丁博士']
2137,派仕,['派仕']
2138,川中,['川中']
2139,丸友,['丸友']
2140,東銘,['東銘']
2141,雄獅,['雄獅']
2142,自白肌,['自白肌']
2143,齒方籤,['齒方籤']
2144,益菌革命,['益菌革命']
2145,好寶貝,['好寶貝']
2146,全植媽媽,['全植媽媽']
2147,舒珊,['舒珊']
2148,奇寶,['奇寶']
2149,佳貝,['佳貝']
2150,美娜多,['美娜多']
2151,巷口乾麵,['巷口乾麵']
2152,大炒一番,['大炒一番']
2153,元氣王,['元氣王']
2154,創鮮家,['創鮮家']
2155,健康總匯,['健康總匯']
2156,松木,['松木']
2157,達能,['達能']
2158,凱娜,['凱娜']
2159,十味觀,['十味觀']
2160,小銅板,['小銅板']
2161,韓國2080,['韓國2080']
2162,金牌大師,['金牌大師']
2163,草本風采,['草本風采']
2164,肯麥斯,['肯麥斯']
2165,幸福花浴,['幸福花浴']
2166,長庚生技,"['長庚', '長庚生技']"
2167,人可和,['人可和']
2168,純萃喝,"['純粹喝', '純萃喝']"
2169,博比,['博比']
2170,呼嚕貓,['呼嚕貓']
2171,婦樂寧,['婦樂寧']
2172,貝克,['貝克']
2173,可立潔,['可立潔']
2174,248農學市集,['248農學市集']
2175,快護,['快護']
2176,咖樂迪,"['咖樂迪咖啡農場', '咖樂迪']"
2177,頂尖國際,['頂尖國際']
2178,布瓦宏,['布瓦宏']
2179,黃金盾,['黃金盾']
2180,永用牌,['永用牌']
2181,悠安美,['悠安美']
2182,台灣g霸,['台灣G霸']
2183,晶工,['晶工']
2184,耐斯,['耐斯']
2185,哈妮來,['哈妮來']
2186,興農,['興農']
2187,愛棒,['愛棒']
2188,羅多倫和餐,['羅多倫和餐']
2189,艾瑪植萃,['艾瑪植萃']
2190,蓓蕊,['蓓蕊']
2191,天然一膳,['天然一膳']
2192,妙可適,['妙可適']
2193,三井生技,['三井生技']
2194,美的冒泡,['美的冒泡']
2195,千歲,['千歲']
2196,愛接觸,['愛接觸']
2197,豆腐盛田屋,['豆腐盛田屋']
2198,必爾思,['必爾思']
2199,陽明生醫,['陽明生醫']
2200,綺緣,['綺緣']
2201,實用牌,['實用牌']
2202,安娜蘇,['安娜蘇']
2203,愛伊健康,['愛伊健康']
2204,上品王,['上品王']
2205,典豆成金,['典豆成金']
2206,蜜蜂工坊,['蜜蜂工坊']
2207,森產業,['森產業']
2208,愛益康,['愛益康']
2209,晨昌,['晨昌']
2210,狗子廚房,['狗子廚房']
2211,醬本缸,['醬本缸']
2212,合家歡,['合家歡']
2213,彩虹雨點,['彩虹雨點']
2214,恩特萬,['恩特萬']
2215,華麗牌,['華麗牌']
2216,宏裕行,['宏裕行']
2217,優廚寶,['優廚寶']
2218,本家生機,['本家生機']
2219,麗仁堂,['麗仁堂']
2220,鑫耀生技,['鑫耀生技']
2221,蜂鳥,['蜂鳥']
2222,垣戊,['垣戊']
2223,伊賀越,['伊賀越']
2224,印象之美,['印象之美']
2225,御田,['御田']
2226,天然保健所,['天然保健所']
2227,蹺蹺板小姐,['蹺蹺板小姐']
2228,比利時凱瑞克,['比利時凱瑞克']
2229,美私樂,['美私樂']
2230,聯統,['聯統']
2231,雙燕牌,['雙燕牌']
2232,合興,['合興']
2233,元園廖媽媽,['元園廖媽媽']
2234,元氣堂,['元氣堂']
2235,卡維亞,['卡維亞']
2236,仙女牌,['仙女牌']
2237,緣蘋果,['緣蘋果']
2238,機植之丘,['機植之丘']
2239,鱷魚,['鱷魚']
2240,阿德比,['阿德比']
2241,水涓肌,['水涓肌']
2242,和田館,['和田館']
2243,易家,['易家']
2244,茶月,['茶月']
2245,凡爾賽玫瑰,['凡爾賽玫瑰']
2246,滴滴鮮,['滴滴鮮']
2247,汗馬,['汗馬']
2248,楓葉,['楓葉']
2249,大興吉,['大興吉']
2250,小風鈴,['小風鈴']
2251,崇德發,['崇德發']
2252,尼克亞力,['尼克亞力']
2253,卵肌本舖,['卵肌本舖']
2254,奇格利爾,['奇格利爾']
2255,東森自然美,['東森自然美']
2256,成真咖啡,['成真咖啡']
2257,牧真,['牧真']
2258,銀輝,['銀輝']
2259,熊愛露,['熊愛露']
2260,家倍健,['家倍健']
2261,赤穗化成,['赤穗化成']
2262,瘋喵,['瘋喵']
2263,久保雅司,['久保雅司']
2264,正豐,['正豐']
2265,老北,['老北']
2266,幸福時光,['幸福時光']
2267,哈亞,['哈亞']
2268,夫力士,['夫力士']
2269,綠地,['綠地']
2270,順光,['順光']
2271,唐美人,['唐美人']
2272,七里香,['七里香']
2273,優識立,['優識立']
2274,牙得安,['牙得安']
2275,毛穴撫子,['毛穴撫子']
2276,幸福流域,['幸福流域']
2277,金金廣,['金金廣']
2278,享夢城堡,['享夢城堡']
2279,丸龜製套,['丸龜製套']
2280,台灣好田,['台灣好田']
2281,領航家,['領航家']
2282,小禮堂,['小禮堂']
2283,禾香牧場,['禾香牧場']
2284,美琦,['美琦']
2285,潤姬桃子,['潤姬桃子']
2286,虎牙,['虎牙']
2287,伊頌天然,['伊頌天然']
2288,花園,['花園']
2289,和味,['和味']
2290,名悅,['名悅']
2291,無天家,['無天家']
2292,紐麥福,['紐麥福']
2293,土羊哥,['土羊哥']
2294,創益生技,['創益生技']
2295,美的,['美的']
2296,百喬,"['百喬生醫', '百喬']"
2297,綠森活,['綠森活']
2298,唯浴雅,['唯浴雅']
2299,華菱,['華菱']
2300,上元,['上元']
2301,富基-10,['富基-10']
2302,一午一食,['一午一食']
2303,光泉,"['光泉乳香世家', '光泉豆漿', '光泉頂級鮮奶優酪', '光泉鮮乳']"
2304,refine,['Refine']
2305,i'm meme,"[""I'M MEME""]"
2306,chicco,"['Chicco', 'CHICCO', 'chicco']"
2307,kirin,"['KIRIN', 'Kirin']"
2308,cezanne,['CEZANNE']
2309,nailholic,['NAILHOLIC']
2310,sowa sowa,['SOWA SOWA']
2311,champion,['CHAMPION']
2312,ocean spring,['Ocean Spring']
2313,za,"['Za', 'ZA']"
2314,m.a.c,['M.A.C']
2315,venus marble,['VENUS MARBLE']
2316,skechers,['SKECHERS']
2317,ucc,['UCC']
2318,lily&color,['LILY&COLOR']
2319,gatsby,['GATSBY']
2320,gum,['GUM']
2321,dr.spa,['Dr.spa']
2322,puma,['PUMA']
2323,e-books,['E-books']
2324,califia farms,['Califia Farms']
2325,superfiber,['Superfiber']
2326,milani,['MILANI']
2327,cheers,['cheers']
2328,botanist,['BOTANIST']
2329,k-palette,['K-Palette']
2330,go!,"['GO!', 'Go!']"
2331,illy,['ILLY']
2332,bondi wash,['BONDI WASH']
2333,dhc,['DHC']
2334,s+miracle,['S+Miracle']
2335,chifure,['CHIFURE']
2336,madam jan’s,['Madam Jan’s']
2337,artis di voce,['ARTiS di Voce']
2338,parrs,['PARRS']
2339,new balance,['NEW BALANCE']
2340,kitchenaid,['KitchenAid']
2341,john masters organics,"['John Masters Organics', 'john masters organics']"
2342,hair recipe,['Hair Recipe']
2343,rasto,['RASTO']
2344,under armour,['UNDER ARMOUR']
2345,bhk’s,['BHK’s']
2346,color club,['COLOR CLUB']
2347,dejavu,['dejavu']
2348,reebok,['REEBOK']
2349,dr.hows,['Dr.Hows']
2350,abc,['ABC']
2351,realme,['realme']
2352,tcl,['TCL']
2353,ariel,['Ariel']
2354,converse,"['Converse', 'CONVERSE']"
2355,sillymann,['sillymann']
2356,on the body,['ON THE BODY']
2357,black monster,"['blackmonster', 'BLACK MONSTER', 'Blackmonster']"
2358,ardell,['ARDELL']
2359,carome.,['CAROME.']
2360,the saem,['the SAEM']
2361,excel,['Excel']
2362,sour3,['Sour3']
2363,eva,['eva']
2364,bcl,['BCL']
2365,avalon,['AVALON']
2366,nars,['NARS']
2367,more,['More']
2368,poppop,['POPPOP']
2369,winmax,['WINMAX']
2370,4u2,['4U2']
2371,make up for ever,['MAKE UP FOR EVER']
2372,wild calling,['Wild Calling']
2373,kumnong,['KUMNONG']
2374,orion,['Orion']
2375,k-swiss,['K-SWISS']
2376,mk lab,['MK LAB']
2377,oxy,['OXY']
2378,aronyx,['ARONYX']
2379,algemarin,['algemarin']
2380,powerbomb,['PowerBOMB']
2381,alpecin,['Alpecin']
2382,dashing diva,['Dashing Diva']
2383,soto,['SOTO']
2384,jacks,['Jacks']
2385,yebisu,['YEBISU']
2386,missha,['MISSHA']
2387,a.h.c,['A.H.C']
2388,visee,['VISEE']
2389,arctic,['ARCTIC']
2390,doutor,['Doutor']
2391,switch,['Switch']
2392,t core,['T core']
2393,ahc,['AHC']
2394,argelan,['ARGELAN']
2395,amida,['AMIDA']
2396,tom ford,['TOM FORD']
2397,farm stay,"['FARM STAY', 'Farm stay']"
2398,lotto,['LOTTO']
2399,uno,['uno']
2400,ciao,['CIAO']
2401,unlabel,['Unlabel']
2402,h2o,['H2O']
2403,unny club,['UNNY CLUB']
2404,crest,['crest']
2405,lb,['LB']
2406,cnp laboratory,['CNP Laboratory']
2407,esfolio,['esfolio']
2408,fila,['FILA']
2409,haglofs,['Haglofs']
2410,age20's,"[""Age20's""]"
2411,yeaster,['YEASTER']
2412,natures care,['Natures Care']
2413,glinter,['Glinter']
2414,aibo,['Aibo']
2415,robert timms,['Robert Timms']
2416,happycall,['HAPPYCALL']
2417,kangaroos,['KANGAROOS']
2418,viridis virus,['Viridis virus']
2419,garmin,['GARMIN']
2420,etude house,"['Etude House', 'ETUDE HOUSE']"
2421,ozawakei,['OZAWAKEI']
2422,too cool for school,"['Too cool for school', 'Too Cool For School', 'too cool for school']"
2423,sweets sweets,['SWEETS SWEETS']
2424,e-power,['e-Power']
2425,bloody,['Bloody']
2426,haken,['HAKEN']
2427,gold suite,['GOLD SUITE']
2428,glysomed,['GLYSOMED']
2429,ronever,['RONEVER']
2430,the ordinary,['The Ordinary']
2431,jmsolution,['JMsolution']
2432,vt cica,['VT CICA']
2433,honeysuckle,['HONEYSUCKLE']
2434,doggyman,['DoggyMan']
2435,hoi,['hoi']
2436,wadakan,['WADAKAN']
2437,r.q.polo,['R.Q.POLO']
2438,lacroix,['LaCroix']
2439,vivo,['vivo']
2440,eunyul,['EUNYUL']
2441,goodies,['GOODIES']
2442,mr&miss,['Mr&Miss']
2443,lechat,['LECHAT']
2444,unt,['UNT']
2445,yamaki,['YAMAKI']
2446,oppo,['OPPO']
2447,key coffee,['KEY COFFEE']
2448,j-lin,['J-lin']
2449,tescom,['TESCOM']
2450,flexin,['FLEXIN']
2451,jo malone,"['JO MALONE', 'Jo Malone']"
2452,foramen,['Foramen']
2453,tgc,['TGC']
2454,udilife,['UdiLife']
2455,calypso,['CALYPSO']
2456,velcos,['VELCOS']
2457,3m,['3M']
2458,rosy rosa,['ROSY ROSA']
2459,atake,['ATake']
2460,pony,['PONY']
2461,dr.jart+,['Dr.Jart+']
2462,de buyer,['De Buyer']
2463,heum,['HEUM']
2464,aroma zone,['Aroma zone']
2465,pupa,['PUPA']
2466,osim,['OSIM']
2467,opera,['OPERA']
2468,sole,['Sole']
2469,kissdiamond,['KISSDIAMOND']
2470,uzu,['UZU']
2471,collagen by watsons,['Collagen by Watsons']
2472,catfeet,"['CATFEET', 'CatFeet']"
2473,enne,['ENNE']
2474,dr.satin,['Dr.Satin']
2475,vt cosmetics,"['vt cosmetics x bt21', 'vt cosmetics', 'vt cosmetics X BT21']"
2476,bladez,['BLADEZ']
2477,lg bamboo salt,['LG Bamboo Salt']
2478,i'nesvia,"[""I'NESVIA""]"
2479,vitantonio,['Vitantonio']
2480,g7,['G7']
2481,pet's love,"[""PET'S LOVE""]"
2482,nuk,['NUK']
2483,neoflam,['Neoflam']
2484,gw,['GW']
2485,n.a.f,['N.A.F']
2486,suuen,['SUUEN']
2487,moonlight,['Moonlight']
2488,pink by pure beauty,['Pink by Pure Beauty']
2489,hyperx,['HyperX']
2490,optimum,['OPTIMUM']
2491,vita,"['vita', 'VITA']"
2492,rausch,['Rausch']
2493,the north face,['The North Face']
2494,bokbok,['BokBok']
2495,hanskin,['HANSKIN']
2496,3ce,['3CE']
2497,hunt's,"[""HUNT'S""]"
2498,flormar,['Flormar']
2499,uni water,['UNI water']
2500,tsuvimi,['Tsuvimi']
2501,catuna,['CATUNA']
2502,flowfushi,['flowfushi']
2503,isleaf,['isLeaf']
2504,jojome,['jojome']
2505,premiumcare,['Premiumcare']
2506,mlb,['MLB']
2507,dailix,['Dailix']
2508,irobot,['iROBOT']
2509,e.dot,['E.dot']
2510,sapporo,['Sapporo']
2511,htc,['HTC']
2512,jigott,['JIGOTT']
2513,delta,['DELTA']
2514,three,['THREE']
2515,kiki,['KiKi']
2516,tabasco,['Tabasco']
2517,siroca,['Siroca']
2518,fresa,['FRESA']
2519,ts,['TS']
2520,target pro,['Target PRO']
2521,ehrmann,['EHRMANN']
2522,cocodor,"['Cocodor', 'cocodor']"
2523,sukin,"['sukin', 'Sukin']"
2524,pharmaact,['PharmaACT']
2525,skinlife,['SkinLife']
2526,maqpro,['Maqpro']
2527,maquillage,['MAQuillAGE']
2528,palladio,['PALLADIO']
2529,uniqman,['UNIQMAN']
2530,heartfelt,['Heartfelt']
2531,hiles,['Hiles']
2532,sabon,['SABON']
2533,breeza,['Breeza']
2534,patto,['Patto']
2535,boneplus,['BonePlus']
2536,r.o.c.s,['R.O.C.S']
2537,vosun,['VOSUN']
2538,hau sanh,['HAU SANH']
2539,woman method,['WOMAN METHOD']
2540,nature tree,['Nature Tree']
2541,simple life,['Simple Life']
2542,pure mind,['PURE MIND']
2543,wet n wild,['wet n wild']
2544,cath kidston,['Cath Kidston']
2545,mdovia,['Mdovia']
2546,romand,['Romand']
2547,cherry,['Cherry']
2548,vacci,['VACCI']
2549,timberland,['TIMBERLAND']
2550,outdoorbase,['Outdoorbase']
2551,koyo,['KOYO']
2552,targus,['Targus']
2553,berioska,['BERIOSKA']
2554,create dentfine,['CREATE Dentfine']
2555,darling,['Darling']
2556,intex,['INTEX']
2557,citycolor,['CITYCOLOR']
2558,tiss,['TISS']
2559,colourpop,['Colourpop']
2560,natural balance,"['Natural balance', 'Natural Balance']"
2561,iris,['IRIS']
2562,guerisson,['guerisson']
2563,pri,['PRI']
2564,op,['OP']
2565,profusion,['PROFUSION']
2566,avila,['Avila']
2567,honey,['honey']
2568,lebelage,['LEBELAGE']
2569,yubico,['YUBICO']
2570,naturehike,['Naturehike']
2571,fzc,['FZC']
2572,man-q,['MAN-Q']
2573,allegrini,"['Allegrini', 'ALLEGRINI']"
2574,orihiro,['ORIHIRO']
2575,frudia,['FRUDIA']
2576,wildkin,['Wildkin']
2577,k.c.dog,['K.C.DOG']
2578,lucky,"['LUCKY', 'Lucky']"
2579,new beads,['New Beads']
2580,j.gasco,['J.Gasco']
2581,mega harvest,['Mega Harvest']
2582,the public organic,['THE PUBLIC ORGANIC']
2583,haru,['HARU']
2584,lp33,['LP33']
2585,t.c.star,['T.C.STAR']
2586,opi,['OPI']
2587,miyoshi,"['miyoshi家族石鹼', 'miyoshi玉之肌', 'MIYOSHI', 'Miyoshi 家族石鹼', '玉之肌 MIYOSHI']"
2588,fuji,['FUJI']
2589,xbox,['XBox']
2590,derma&more,['Derma&More']
2591,mistine,['Mistine']
2592,handme,['Handme']
2593,kenwood,['Kenwood']
2594,agf,['AGF']
2595,kiss,['kiss']
2596,mylk,['Mylk']
2597,mei,['MEI']
2598,clover,"['CLOVER', 'Clover']"
2599,eilles,['Eilles']
2600,akvile,['akvile']
2601,a-star bones,['A-Star bones']
2602,zettoc,['Zettoc']
2603,medi flower,['Medi Flower']
2604,saraya,"['SARAYA', 'saraya']"
2605,iroka,['IROKA']
2606,natural lady,['NATURAL LADY']
2607,combo,"['Combo', 'COMBO']"
2608,tiddi,['TiDdi']
2609,ferrarelle,['Ferrarelle']
2610,g&m,['G&M']
2611,kitcat,['KitCat']
2612,friskies,['Friskies']
2613,flair,['FLAIR']
2614,barrier repair,['Barrier Repair']
2615,the orchid skin,['THE ORCHID SKIN']
2616,joajota,['JOAJOTA']
2617,ac makeup,['AC MAKEUP']
2618,3q,['3Q']
2619,aesop,['Aesop']
2620,nuby,"['Nuby', 'NUBY']"
2621,momus,['MOMUS']
2622,bevy c.,['BEVY C.']
2623,teteo,['teteo']
2624,andzen,['ANDZEN']
2625,aprilskin,"['Aprilskin', 'APRILSKIN']"
2626,lotus,"['LOTUS', 'Lotus']"
2627,mandom,['MANDOM']
2628,delux,['DeLUX']
2629,nicoh,['NICOH']
2630,userism,['userism']
2631,k&k,['K＆K']
2632,banila co,['BANILA CO']
2633,tarn ju,['TARN JU']
2634,hb,['HB']
2635,shower mate,['Shower Mate']
2636,unidus,['unidus']
2637,granarolo,['GRANAROLO']
2638,dr pepper,['DR PEPPER']
2639,bhk's,"[""BHK's""]"
2640,ecologic,['Ecologic']
2641,st.malo,['ST.MALO']
2642,coffret d'or,"[""COFFRET D'OR""]"
2643,briochin,['Briochin']
2644,yome,['yome']
2645,quality 1st,['QUALITY 1ST']
2646,j.catbeauty,['J.CatBeauty']
2647,masil,['MASIL']
2648,baby brezza,['Baby Brezza']
2649,deve,['DEVE']
2650,happy owl,['HAPPY OWL']
2651,pascual,"['PASCUAL', 'Pascual']"
2652,epoux,['epoux']
2653,che gel,['CHE GEL']
2654,puku,['PUKU']
2655,baby banana,['Baby Banana']
2656,now!,['Now!']
2657,naturals by watsons,['Naturals by Watsons']
2658,l’uxpresso,['L’uxpresso']
2659,morocco gaga oil,['Morocco GaGa Oil']
2660,beauty,['Beauty']
2661,naturie,['naturie']
2662,apieu,"[""a'pieu"", 'Apieu', ""A'PIEU""]"
2663,brita,['BRITA']
2664,maychic,['MAYCHIC']
2665,sneaky,['SNEAKY']
2666,care linkage,['Care LinKage']
2667,bioliss,['Bioliss']
2668,elishacoy,['ElishaCoy']
2669,nokia,['NOKIA']
2670,visee avant,['Visée AVANT']
2671,filco,['Filco']
2672,karalla,['Karalla']
2673,biolead,['BioLead']
2674,nature republic,['Nature Republic']
2675,torotoro,['ToroToro']
2676,brooks,"['brook’s', 'Brooks', 'BROOK’S']"
2677,kuyura,['KUYURA']
2678,vanilla blanc,['VANILLA BLANC']
2679,firefly,['FIREFLY']
2680,sakio,['SAKIO']
2681,rosette,['ROSETTE']
2682,natureby,['Natureby']
2683,pure beauty,"['PURE BEAUTY', 'Pure Beauty']"
2684,ringo,['Ringo']
2685,jvc,['JVC']
2686,kimbo,['KIMBO']
2687,hyd,['HYD']
2688,hofbrauhaus wolters,['Hofbrauhaus Wolters']
2689,abuns,['Abuns']
2690,corona,"['Corona', 'CORONA']"
2691,ck n-95,['CK N-95']
2692,hida,['hida']
2693,ayerllan,['AYERLLAN']
2694,chacott,['Chacott']
2695,cat chow,['CAT CHOW']
2696,sacla,['SACLA']
2697,omory,['OMORY']
2698,men's biore,"[""MEN'S Bioré""]"
2699,kesho,['Kesho']
2700,jmscent,['JMScent']
2701,kiwipet,['KIWIPET']
2702,juono,['JUONO']
2703,simlife,['SimLife']
2704,royal unibrew,"['royal unibrew', 'Royal Unibrew']"
2705,im unny,['IM UNNY']
2706,play station,['Play Station']
2707,sparkeau,"['Sparkeau', 'SPARKEAU']"
2708,beanies,['Beanies']
2709,thomson,['THOMSON']
2710,from nature,['FROM NATURE']
2711,3w clinic,['3W CLINIC']
2712,glossyblossom,['GlossyBlossom']
2713,dr.groot,['Dr.Groot']
2714,covermark,['COVERMARK']
2715,1st choice,['1ST CHOICE']
2716,mother-k,['Mother-K']
2717,dew,['DEW']
2718,rire,['RiRe']
2719,qv,['QV']
2720,natural d,['Natural D']
2721,acmedica,['Acmedica']
2722,lobo,['LOBO']
2723,diadora,['DIADORA']
2724,bmxmao,['Bmxmao']
2725,japan gals,['Japan Gals']
2726,nespresso,['Nespresso']
2727,beautymaker,['BeautyMaker']
2728,foodaholic,['FOODAHOLIC']
2729,she,['She']
2730,madonna,['Madonna']
2731,bonika,['BONIKA']
2732,vitamix,['Vitamix']
2733,solac,['SOLAC']
2734,lapolo,['LAPOLO']
2735,prodiet,['ProDiet']
2736,love beauty and planet,['LOVE BEAUTY AND PLANET']
2737,burberry,['BURBERRY']
2738,thebalm cosmetics,['theBalm Cosmetics']
2739,olaplex,['OLAPLEX']
2740,kurun,['KURUN']
2741,nacnac,"['nac nac', 'nacnac', 'NAC NAC']"
2742,orip,['ORIP']
2743,ducato,['DUCATO']
2744,club,['CLUB']
2745,lunasol,['LUNASOL']
2746,nakay,['NAKAY']
2747,mr.smart,['Mr.Smart']
2748,npic,['NPIC']
2749,hori,['HORI']
2750,kiss new york,['KISS New York']
2751,maro,['MARO']
2752,24h cosme,['24h cosme']
2753,joearo,['JOEARO']
2754,purevivi,['Purevivi']
2755,cama cafe,['cama cafe']
2756,warm,['Warm']
2757,cuoco,['CUOCO']
2758,vinata,['VINATA']
2759,cocoegg,['Cocoegg']
2760,aipinyue,['AIPINYUE']
2761,arlem,['ARLEM']
2762,qidina,['QIDINA']
2763,wedar,['WEDAR']
2764,zoo,['ZOO']
2765,duskin,['DUSKIN']
2766,skater,['SKATER']
2767,maison louis marie,['Maison Louis Marie']
2768,fine japan,['FINE JAPAN']
2769,s.w. basics,['S.W. Basics']
2770,aroy-d,['AROY-D']
2771,mbm,['MBM']
2772,iris ohyama,"['iris ohyama愛麗思歐雅瑪', 'iris ohyama日本', 'IRIS OHYAMA', '愛麗思歐雅瑪 IRIS OHYAMA', 'Iris Ohyama', '日本Iris Ohyama']"
2773,matador,['Matador']
2774,mondariz,['Mondariz']
2775,frosch,['Frosch']
2776,miau,['MIAU']
2777,aquagen,['AQUAGEN']
2778,jordan,['Jordan']
2779,dr.choice,['Dr.Choice']
2780,twist,['Twist']
2781,labo labo,['Labo Labo']
2782,msh,['MSH']
2783,vico,['VICO']
2784,useemi,['USEEMI']
2785,double power,['Double Power']
2786,tepe,['TePe']
2787,huxley,['Huxley']
2788,mellsavon,['MELLSAVON']
2789,you can buy,['You Can Buy']
2790,apg,['APG']
2791,lirene,['Lirene']
2792,sheba,['Sheba']
2793,le creuset,['Le Creuset']
2794,sempio,['SEMPIO']
2795,hukumi,['HUKUMI']
2796,elecom,['ELECOM']
2797,zavida,['ZAVIDA']
2798,xinchang,['XINCHANG']
2799,one amadana,"['ONE amadana', 'One amadana']"
2800,lador,['LADOR']
2801,twinbird,['TWINBIRD']
2802,lavons,['LAVONS']
2803,b +,['B +']
2804,b.friend,['B.Friend']
2805,yotta,['YOTTA']
2806,remax,['Remax']
2807,lac,['LAC']
2808,scalp x,['Scalp X']
2809,i’m sorry for my skin,['I’m Sorry For My Skin']
2810,ikbc,['ikbc']
2811,nexx,['NEXX']
2812,tescoma,['TESCOMA']
2813,naffy,['NAFFY']
2814,one thing,['ONE THING']
2815,kit cat,['Kit cat']
2816,jardin,['JARDIN']
2817,petio,"['PETIO', 'Petio']"
2818,purederm,['PUREDERM']
2819,k9 natural,['K9 Natural']
2820,sant’anna,['Sant’Anna']
2821,sugao,['SUGAO']
2822,tromso,['TROMSO']
2823,pony memebox,['PONY MEMEBOX']
2824,only good,['Only good']
2825,giovanni,['GIOVANNI']
2826,so good,"['SO GOOD', 'So Good']"
2827,saba,['SABA']
2828,soft99,['Soft99']
2829,arlink,['Arlink']
2830,lestar,"['lestar', 'Lestar']"
2831,fafa,['fafa']
2832,relove,['Relove']
2833,naturals,['Naturals']
2834,shanen,['SHANEN']
2835,my little pony,['MY LITTLE PONY']
2836,cheerios,['Cheerios']
2837,butler,['Butler']
2838,mama,['MAMA']
2839,y.n.m,['Y.N.M']
2840,kaibeauty,['kaibeauty']
2841,jayjun cosmetic,['JAYJUN COSMETIC']
2842,baekoksaeng,['Baekoksaeng']
2843,muva,['MUVA']
2844,fantech,['FANTECH']
2845,nature garden,['Nature Garden']
2846,gemini,['GEMINI']
2847,matsukiyo,['MATSUKIYO']
2848,jsmax,['JSmax']
2849,lideal,['LIDEAL']
2850,to be white,['TO BE WHITE']
2851,bomb cosmetics,['Bomb Cosmetics']
2852,kisetsu,['Kisetsu']
2853,bowwow,"['BowWow', 'Bowwow']"
2854,melko,['MELKO']
2855,she's,"[""She's"", ""she's""]"
2856,voluspa,['Voluspa']
2857,melano cc,['Melano CC']
2858,clayge,['CLAYGE']
2859,city,['CITY']
2860,zoeva,['ZOEVA']
2861,sylph,['SYLPH']
2862,pomi,['POMI']
2863,skinvill,['Skinvill']
2864,alobaby,['ALOBABY']
2865,ttmax,['ttmax']
2866,urban veda,['URBAN VEDA']
2867,sparkles sp,['Sparkles SP']
2868,mod's hair,"[""mod's hair""]"
2869,down power,['Down power']
2870,fine color,['FINE COLOR']
2871,himawari,['himawari']
2872,rmk,['RMK']
2873,qian rou,['Qian Rou']
2874,google,['Google']
2875,diptyque,['Diptyque']
2876,nyx,['NYX']
2877,liphip,['LIPHIP']
2878,rubber anne,['rubber anne']
2879,lasko,['LASKO']
2880,burge,['Burge']
2881,nature face,['NATURE FACE']
2882,cheersjelly,['CheersJelly']
2883,v fau,['V FAU']
2884,kokie,['Kokie']
2885,h.city,['H.CITY']
2886,iselect,['iseLect']
2887,grizzly,['Grizzly']
2888,paddywax,['PADDYWAX']
2889,mestemacher,['Mestemacher']
2890,natures organics,['Natures Organics']
2891,envin,['ENVIN']
2892,myhouse,['myhouse']
2893,nail labo,['Nail Labo']
2894,t-sing,['T-SING']
2895,stb,['STB']
2896,leun plus,['Leun Plus']
2897,hereu,['hereu']
2898,vitabox,['Vitabox']
2899,aurora myza,['AURORA MYZA']
2900,coleman,['COLEMAN']
2901,life-do.plus,['life-do.plus']
2902,kozi,['KOZI']
2903,axa,['AXA']
2904,arnest,['Arnest']
2905,beloved&co,['Beloved&Co']
2906,diplona,['Diplona']
2907,celvoke,['Celvoke']
2908,miss seesaw,['Miss Seesaw']
2909,antian,['ANTIAN']
2910,time leisure,['Time Leisure']
2911,chu,['CHU']
2912,cosmos,['cosmos']
2913,avengers,['Avengers']
2914,bosley,['Bosley']
2915,olive,['Olive']
2916,center-in,['Center-in']
2917,cover nail,['Cover Nail']
2918,cabreiroa,['CABREIROA']
2919,rivo,['RIVO']
2920,mihong,['MIHONG']
2921,beautydisplay,['BeautyDisplay']
2922,tata,['TATA']
2923,drip bag coffee,['Drip Bag Coffee']
2924,skinpastel,['SKINPASTEL']
2925,staub,['Staub']
2926,milk touch,['Milk Touch']
2927,heimish,['heimish']
2928,toplan,['TOPLAN']
2929,soapmax,['Soapmax']
2930,ciaoke,['CIAOKE']
2931,kitchen art,['Kitchen Art']
2932,malu wilz,['Malu Wilz']
2933,arencia,['ARENCIA']
2934,luwak,['Luwak']
2935,blue diamond,['BLUE DIAMOND']
2936,volfas engelman,['VOLFAS ENGELMAN']
2937,magicom,"['MAGICOM', 'Magicom']"
2938,gourmia,['GOURMIA']
2939,bruno,['BRUNO']
2940,wellness,['Wellness']
2941,ogeu,['OGEU']
2942,suisai,['suisai']
2943,ecosoya brands,['EcoSoya Brands']
2944,fujiko,['Fujiko']
2945,tcc,['TCC']
2946,tiki cat,['Tiki Cat']
2947,artisan,['Artisan']
2948,natura siberica,['NATURA SIBERICA']
2949,milklab,['MILKLAB']
2950,oway,['OWay']
2951,jant blanc,['JANT BLANC']
2952,elence 2001,['ELENCE 2001']
2953,coghlans,['Coghlans']
2954,w.lab,['W.Lab']
2955,dazzshop,['DAZZSHOP']
2956,tklab,['TKLAB']
2957,shills,['SHILLS']
2958,lululun,['LuLuLun']
2959,beautyeasy,['BeautyEasy']
2960,dr.forhair,['Dr.FORHAIR']
2961,vbot,['Vbot']
2962,ergolink,['ERGOLINK']
2963,lavazza,['LAVAZZA']
2964,espoir,['eSpoir']
2965,mandom beauty,['Mandom Beauty']
2966,qq girl,['QQ GIRL']
2967,fujimaru,['Fujimaru']
2968,one,['ONE']
2969,dermisa,['Dermisa']
2970,secret key,['Secret Key']
2971,leanani,['Leanani']
2972,naf,['NAF']
2973,baby shark,['Baby Shark']
2974,tempo,['Tempo']
2975,ayam,['AYAM']
2976,turk,['TURK']
2977,daodi,['DaoDi']
2978,holika holika,['HOLIKA HOLIKA']
2979,yr,['YR']
2980,skoll,['Skoll']
2981,dtaudio,['DTAudio']
2982,mercuryduo,['MERCURYDUO']
2983,flyone,['FLYone']
2984,samdasoo,['SamDaSoo']
2985,black ice,['Black Ice']
2986,einstok,['Einstök']
2987,scented candle,['SCENTED CANDLE']
2988,uft,['UFT']
2989,ifoa,['IFOA']
2990,ariul,['Ariul']
2991,ghd,['ghd']
2992,murfeeli,['MURFEELI']
2993,mod’s hair,['mod’s hair']
2994,romix,['Romix']
2995,etvos,['ETVOS']
2996,rico baby,['RICO baby']
2997,izumi,['IZUMI']
2998,g-plus,['G-PLUS']
2999,may shop,['May Shop']
3000,idea auto,['idea auto']
3001,alyea,['ALYEA']
3002,dr.shine,['DR.SHINE']
3003,eternal basic,['eternal basic']
3004,queens choice,['Queens choice']
3005,franks,['Franks']
3006,menow,['MENOW']
3007,posy,['POSY']
3008,dr.wonder,['Dr.wonder']
3009,bandai,"['bandai', 'BANDAI']"
3010,yankee candle,['YANKEE CANDLE']
3011,amazin graze,['Amazin graze']
3012,haylou,['Haylou']
3013,soapspa,['SoapSpa']
3014,celefit,['Celefit']
3015,copper chef,['Copper Chef']
3016,infocus,['Infocus']
3017,iq+,['iq+']
3018,nice&quick,['Nice＆Quick']
3019,cocochi,['COCOCHI']
3020,botanical 1st,['Botanical 1st']
3021,yvonne collection,['Yvonne Collection']
3022,atorrege ad+,['ATORREGE AD+']
3023,polarstar,['Polarstar']
3024,cure,['Cure']
3025,nijiya,['NIJIYA']
3026,xoxo,['xoxo']
3027,qstyle,['Qstyle']
3028,bronson,['BRONSON']
3029,lec,['LEC']
3030,ikari,['IKARI']
3031,bon aroma,['Bon Aroma']
3032,a’kin,['A’kin']
3033,the zazak,['The zazak']
3034,aha,['AHA']
3035,dasique,['Dasique']
3036,a&w,['A＆W']
3037,nursery,['Nursery']
3038,mk customer,['MK customer']
3039,sunny grasses,['Sunny Grasses']
3040,sasa,['Sasa']
3041,homei,['HOMEI']
3042,duru,['DURU']
3043,r.o.c.s.,['R.O.C.S.']
3044,okawa,['OKAWA']
3045,aromatherapy associates,['Aromatherapy Associates']
3046,sanbisi,['Sanbisi']
3047,beauty credit,['BEAUTY CREDIT']
3048,ms.cosmed,['Ms.COSMED']
3049,extra mineral,['Extra Mineral']
3050,oakley,['Oakley']
3051,mount hagen,['Mount Hagen']
3052,yy bean coffee,['yy bean coffee']
3053,idee,['IDEE']
3054,plants,['Plants']
3055,yunos,['YUNOS']
3056,palladium,['palladium']
3057,ace,['ACE']
3058,ginpo,['GINPO']
3059,wonder trend,['WONDER TREND']
3060,pipper standard,['PiPPER STANDARD']
3061,narciso rodriguez,['narciso rodriguez']
3062,cc daily,['CC daily']
3063,powermate,['PowerMate']
3064,his cafe,['HIS CAFE']
3065,ktnet,['KTNET']
3066,jjpro,['JJPRO']
3067,fiesta pure shine,['fiesta pure shine']
3068,gucci,['GUCCI']
3069,tcstar,['TCSTAR']
3070,cock,['COCK']
3071,moma,['MOMA']
3072,bixtar,['Bixtar']
3073,craft boss,['CRAFT BOSS']
3074,see you,['SEE YOU']
3075,hi-life,['Hi-Life']
3076,dr. skin,['Dr. SKIN']
3077,spococo,['spococo']
3078,add+,['ADD+']
3079,chum churum,['Chum Churum']
3080,wide view,['WIDE VIEW']
3081,nacific,['Nacific']
3082,tcoffee,['TCoffee']
3083,makeup revolution,['Makeup Revolution']
3084,qpnp,['QPNP']
3085,alcatroz,['Alcatroz']
3086,lucas papaw,['Lucas Papaw']
3087,aito,['AITO']
3088,hulu cat,['Hulu Cat']
3089,oneroad,['ONEROAD']
3090,nadeshia,['NADESHIA']
3091,midea,['Midea']
3092,youus,['Youus']
3093,logos,['LOGOS']
3094,paul mitchell,['PAUL MITCHELL']
3095,ozen,['OZEN']
3096,icooby,['iCooby']
3097,dear my,['Dear My']
3098,blendtec,['BLENDTEC']
3099,motorola,['Motorola']
3100,niagara,['NIAGARA']
3101,sl,['SL']
3102,azio,['AZIO']
3103,amino mason,['Amino Mason']
3104,pl,['PL']
3105,moodmatcher,['MOODmatcher']
3106,koji,['KOJI']
3107,temba,['TEMBA']
3108,a+ power,['A+ Power']
3109,natice,['NATICE']
3110,w.dressroom,['W.DRESSROOM']
3111,fresh line,['Fresh Line']
3112,odlo,['ODLO']
3113,senscience,['senscience']
3114,ks beauty,['KS beauty']
3115,oulisi,['OULISI']
3116,face+,['Face+']
3117,greenpan,['GreenPan']
3118,vh,['VH']
3119,tau,['TAU']
3120,fala,['FALA']
3121,outsy select,['OUTSY select']
3122,ford,['FORD']
3123,gourmet,['GOURMET']
3124,push!,['PUSH!']
3125,ivenor,['iVENOR']
3126,eclear,['ECLEAR']
3127,sparkle,['SPARKLE']
3128,botanical esthe,['BOTANICAL ESTHE']
3129,tunemakers,['TUNEMAKERS']
3130,nabi,['NABI']
3131,pato.pato,['Pato.Pato']
3132,wildalp,['WILDALP']
3133,urban decay,['URBAN DECAY']
3134,superfood lab,['Superfood Lab']
3135,pc park,['PC Park']
3136,catchup,['CatChup']
3137,thai coco,['THAI COCO']
3138,mixim potion,['mixim POTION']
3139,miine,['Miine']
3140,keychron,['Keychron']
3141,post,['Post']
3142,nailmatic,['Nailmatic']
3143,onpro,['ONPRO']
3144,lilybyred,['Lilybyred']
3145,noodle & boo,['NOODLE & BOO']
3146,ezlife,['EZlife']
3147,arome by watsons,['Arome by Watsons']
3148,one house,['ONE HOUSE']
3149,21plus,['21Plus']
3150,bioneed,['Bioneed']
3151,dust daddy,['Dust Daddy']
3152,ecos,['ECOS']
3153,attento,['Attento']
3154,star fashion,['STAR FASHION']
3155,emo perfect,['EMO PERFECT']
3156,tc,['TC']
3157,gelovery,['Gelovery']
3158,ange,['ANGE']
3159,aroha triz,['AROHA TRIZ']
3160,real thai,['Real Thai']
3161,solan,['Solan']
3162,orasi,['OraSi']
3163,akuma,['AKUMA']
3164,lachesca,['LACHESCA']
3165,r-driver,['R-driver']
3166,thayers,['Thayers']
3167,tai tai fon,['Tai Tai fon']
3168,suunto,['SUUNTO']
3169,bone,['BONE']
3170,valor,['Valor']
3171,dr.vt,['DR.VT']
3172,lassie'el,"[""LASSIE'EL""]"
3173,oasy,['OASY']
3174,gulbirlik rose,['Gulbirlik rose']
3175,noodle&boo,['Noodle&Boo']
3176,lcdp,['LCDP']
3177,nanolabo,['NANOLABO']
3178,s&b,['S&B']
3179,lole’s,['LOLE’S']
3180,i-kirei,['i-KiREi']
3181,lumina beauty care,['Lumina beauty care']
3182,akimia,['AKIMIA']
3183,menturm,['MENTURM']
3184,john's blend,"[""John's Blend""]"
3185,haba,['HABA']
3186,q pnp,['Q PNP']
3187,ecostore,['ecostore']
3188,merbliss,['Merbliss']
3189,jumelle,['Jumelle']
3190,corsini,['Corsini']
3191,happy bath,['HAPPY BATH']
3192,rudy,['Rudy']
3193,d'alba,"[""D'ALBA""]"
3194,mitomo,['MITOMO']
3195,gerolsteiner,['GEROLSTEINER']
3196,tonymoly,['TONYMOLY']
3197,j/x,['J/X']
3198,vv,['VV']
3199,emborg,['Emborg']
3200,noble isle,['NOBLE ISLE']
3201,cily,['CILY']
3202,cozy pet,['COZY PET']
3203,smartwatch,['SmartWatch']
3204,lanami,['LANAMI']
3205,familia,['Familia']
3206,amice,['Amice']
3207,leopold,['Leopold']
3208,ice river,['ICE RIVER']
3209,noyl,['NOYL']
3210,nor.,['NOR.']
3211,bwx,['BWX']
3212,tresemme,['TRESemme']
3213,urtale,['Urtale']
3214,amstel,['Amstel']
3215,plas,['plas']
3216,wellage,['Wellage']
3217,miller harris,['Miller Harris']
3218,aroma,['Aroma']
3219,alovivi,['ALOVIVI']
3220,djb,['DJB']
3221,mr.bone,['Mr.Bone']
3222,ricenal,['RICENAL']
3223,domo,"['Domo', 'DOMO']"
3224,greenon,['GREENON']
3225,venalisa,['VENALISA']
3226,pure'n soft,"[""Pure'n soft""]"
3227,peach and,['Peach and']
3228,peppa pig,['Peppa Pig']
3229,the laundress,['THE LAUNDRESS']
3230,wooly,['WOOLY']
3231,fossil,['FOSSIL']
3232,exped,['EXPED']
3233,bella beauty,['Bella Beauty']
3234,tigullio,['TIGULLIO']
3235,17pin,['17PIN']
3236,canary,['CANARY']
3237,hinata bocco,['hinata bocco']
3238,barrio,['BARRIO']
3239,ad-rocket,['AD-ROCKET']
3240,be my boyfriend,['Be My Boyfriend']
3241,labiotte,['Labiotte']
3242,hoya,['HOYA']
3243,goshu,['GOSHU']
3244,granola house,['Granola House']
3245,azoma,['AZOMA']
3246,petia,['Petia']
3247,chen's dim sum,"[""Chen's Dim Sum""]"
3248,morelife,['morelife']
3249,modori,['Modori']
3250,osun,['Osun']
3251,farlin,"['Farlin', 'FARLIN']"
3252,sigma,['Sigma']
3253,handpurena,['HANDPURENA']
3254,natural food,['Natural Food']
3255,bluepine,['BLUEPINE']
3256,unclewu,['UncleWu']
3257,vencedor,['VENCEDOR']
3258,palmolive,['PALMOLIVE']
3259,urban apothecary,['Urban Apothecary']
3260,green pharmacy,['Green Pharmacy']
3261,tomomasu,['TOMOMASU']
3262,sang-a,['SANG-A']
3263,manetti roberts,['Manetti Roberts']
3264,healthlead,['Healthlead']
3265,turbo tent,['TURBO TENT']
3266,black blaze,['BLACK BLAZE']
3267,csmart+,['CSmart+']
3268,bb love,['BB LOVE']
3269,zero9,['ZERO9']
3270,pecobono,['pecobono']
3271,bodytalk,['BodyTalk']
3272,iti,['iti']
3273,tokyo star,['TOKYO STAR']
3274,clair paris,['CLAIR PARIS']
3275,kopiko,['KOPIKO']
3276,mama butter,['MAMA BUTTER']
3277,esthe dew,['Esthe Dew']
3278,amino,['Amino']
3279,bbia,['BBIA']
3280,super pad,['Super Pad']
3281,avalon organics,['AVALON ORGANICS']
3282,dapolulumi,['DaPoLuLuMi']
3283,hellokitty,"['hello kitty', 'HELLO KITTY', 'HelloKitty']"
3284,j.kao,['J.KAO']
3285,demon,['DeMon']
3286,pola,['POLA']
3287,botanical all-in-one,['Botanical All-In-One']
3288,ekel,['EKEL']
3289,ufc,['UFC']
3290,schesir,['Schesir']
3291,loupedeck,['Loupedeck']
3292,daisho,['DAISHO']
3293,le labo,['Le Labo']
3294,chinook,['Chinook']
3295,evoluderm,['Evoluderm']
3296,hope girl,['Hope girl']
3297,belif,['belif']
3298,cocchi,['COCCHI']
3299,kanokwan,['Kanokwan']
3300,s&w,['S&W']
3301,new directions,['NEW DIRECTIONS']
3302,forcans,['FORCANS']
3303,dr cyj,['DR CYJ']
3304,percol,['PERCOL']
3305,swift,['Swift']
3306,medi-peel,['MEDI-PEEL']
3307,cyclax,['CYCLAX']
3308,cap,['Cap']
3309,trimaxcell,['TriMaxCell']
3310,brain cosmos,['brain cosmos']
3311,neatex,['NeatEX']
3312,momo girl,['MOMO GIRL']
3313,weleda,['Weleda']
3314,uni star,['Uni Star']
3315,jyd,['JYD']
3316,kitekat,['KITEKAT']
3317,bv.i,['BV.i']
3318,vitamer,['Vitamer']
3319,babaria,['babaria']
3320,freiz,['Freiz']
3321,peach c,['Peach C']
3322,arcticpet,['Arcticpet']
3323,cj lion,['CJ LION']
3324,hq,['HQ']
3325,miss rose,['MISS ROSE']
3326,pureal,['Pureal']
3327,ak,['AK']
3328,institut karite paris,['Institut Karite Paris']
3329,greek gods,['GREEK GODS']
3330,frischli,['Frischli']
3331,pure smile,['Pure Smile']
3332,ioio,['IOIO']
3333,cosmic mansion,['Cosmic Mansion']
3334,ayce,['AYCE']
3335,pretty by flormar,['pretty by flormar']
3336,eufy,['Eufy']
3337,hallmark,['Hallmark']
3338,anua,['Anua']
3339,cass,['Cass']
3340,b balance,['B BALANCE']
3341,petest,['PetEst']
3342,creerbeaute,['CreerBeaute']
3343,golife,['GOLiFE']
3344,gavi,['Gavi']
3345,jht,['JHT']
3346,capitano,['CAPITANO']
3347,dent-inn,['Dent-Inn']
3348,devon,['Devon']
3349,honk,['HONK']
3350,q-pet,['Q-PET']
3351,tigi,['TIGI']
3352,e.l.f.,['e.l.f.']
3353,revablend,['REVABLEND']
3354,moroccanoil,['MOROCCANOIL']
3355,joroma,['JoRoma']
3356,wafood made,['Wafood Made']
3357,indocafe,['INDOCAFE']
3358,dayneeds,['dayneeds']
3359,merphil,['MERPHIL']
3360,ecowipes,['Ecowipes']
3361,piacelli,['Piacelli']
3362,rub lom,['RUB LOM']
3363,amadana,['amadana']
3364,elujai,['ELUJAI']
3365,healthlife,['HealthLife']
3366,downy,['Downy']
3367,morphe,['MORPHE']
3368,homer,['HOMER']
3369,ok choice,['OK choice']
3370,weg,['Weg']
3371,cosmetex roland,['COSMETEX ROLAND']
3372,feso,['feso']
3373,greenwood,['GREENWOOD']
3374,swanson,['Swanson']
3375,vital essentials,['Vital ESSENTIALS']
3376,lb tokyo,['LB TOKYO']
3377,bh,['BH']
3378,babymoov,['BabyMoov']
3379,i'm from,"[""I'm From""]"
3380,formosa,['FORMOSA']
3381,waiz,['Waiz']
3382,dibote,['DIBOTE']
3383,mon,['MON']
3384,lilfant,['LILFANT']
3385,sohome,['Sohome']
3386,scentio,['SCENTIO']
3387,prreti,['Prreti']
3388,duke,['DUKE']
3389,ems,['EMS']
3390,swissdent,['SWISSDENT']
3391,staresso,['Staresso']
3392,teptip,['TEPTIP']
3393,kidol,['KIDOL']
3394,abba,['ABBA']
3395,chefrun,['Chefrun']
3396,tcrd,['TCRD']
3397,milk&co,['MILK＆CO']
3398,unimat riken,['Unimat Riken']
3399,jung saem mool,['JUNG SAEM MOOL']
3400,omg,['OMG']
3401,herbal care,['Herbal care']
3402,ivory,['IVORY']
3403,insight,['INSIGHT']
3404,dermacol,['Dermacol']
3405,queen chef,['Queen Chef']
3406,skincure,['Skincure']
3407,kamome,['Kamome']
3408,merrell,['MERRELL']
3409,zoobies,['Zoobies']
3410,essenso,['ESSENSO']
3411,new anna,['New Anna']
3412,flavour,['Flavour']
3413,a star,['A Star']
3414,j.hannah,['J.Hannah']
3415,qiu wen,['QIU WEN']
3416,tribo coffee,['TRIBO COFFEE']
3417,arex sport,['AREX SPORT']
3418,bare for bare,['Bare for Bare']
3419,bonton,['BonTon']
3420,dairy farmers,['Dairy Farmers']
3421,osuma,['OSUMA']
3422,byfunme,['ByFunMe']
3423,by terry,['BY TERRY']
3424,chin su,['CHIN SU']
3425,probox,['PROBOX']
3426,rcma,['RCMA']
3427,north field,['North Field']
3428,5mins shaper pro,['5mins Shaper Pro']
3429,glolux,['Glolux']
3430,indofood,['INDOFOOD']
3431,oshimon,['Oshimon']
3432,super love,['Super Love']
3433,omax,['OMAX']
3434,the retinotime,['THE RETINOTIME']
3435,k'anho,"[""K'ANHO""]"
3436,afc,['AFC']
3437,snails,['Snails']
3438,ptnano,['PTnano']
3439,flawless,['FLAWLESS']
3440,skin biotheory,['Skin Biotheory']
3441,erh,['ERH']
3442,mamalove,['mamalove']
3443,golden,['GOLDEN']
3444,solvallee,['SolVallée']
3445,be quiet,"['Be quiet', 'be quiet']"
3446,vitakraft,['Vitakraft']
3447,pettyman,['PettyMan']
3448,evolution,['Evolution']
3449,benks,['Benks']
3450,lafe’s,['Lafe’s']
3451,edeka,['EDEKA']
3452,thai,['THAI']
3453,cp-1,['CP-1']
3454,nomama,['NOMAMA']
3455,navalli hill,['Navalli Hill']
3456,osmile,['Osmile']
3457,ediya,['EDIYA']
3458,wychwood brewery,['Wychwood Brewery']
3459,agoy,['agoy']
3460,sea to summit,['Sea to summit']
3461,nac,['nac']
3462,mizon,['MIZON']
3463,lubriderm,['LUBRIDERM']
3464,ahoye,['AHOYE']
3465,stemcin,['STEMCIN']
3466,hojo,['HOJO']
3467,instant pot,['Instant Pot']
3468,washaml,['WASHAMl']
3469,pinpai,['PINPAI']
3470,vt,['VT']
3471,evas,['EVAS']
3472,smith's rosebud salve,"[""SMITH'S ROSEBUD SALVE""]"
3473,van pur,['VAN PUR']
3474,sweep robot,['SWEEP ROBOT']
3475,malibu beauty,['MALIBU BEAUTY']
3476,s.pellegrino,['S.Pellegrino']
3477,plantur,"['plantur 21', 'plantur 39', 'Plantur 39', 'Plantur 21']"
3478,五五五,['五五五']
3479,1028,['1028']
3480,360,['360']
3481,80,['080']
3482,零零,['零零']
3483,2080,['2080']
3484,皇冠,['皇冠']
